cycle,pixel_count,image_ready,tile_in_valid,tile_in_ready,fifo_count,tile_out_valid,tile_out_ready,core_in_ready,state
0,x,x,x,x,x,x,x,x,x
0,0,0,0,1,0,0,0,1,1
1,0,1,0,1,0,0,1,1,2
2,1,1,0,1,0,0,1,1,2
3,2,1,0,1,0,0,1,1,2
4,3,1,0,1,0,0,1,1,2
5,4,1,0,1,0,0,1,1,2
6,5,1,0,1,0,0,1,1,2
7,6,1,0,1,0,0,1,1,2
8,7,1,0,1,0,0,1,1,2
9,8,1,0,1,0,0,1,1,2
10,9,1,0,1,0,0,1,1,2
11,10,1,0,1,0,0,1,1,2
12,11,1,0,1,0,0,1,1,2
13,12,1,0,1,0,0,1,1,2
14,13,1,0,1,0,0,1,1,2
15,14,1,0,1,0,0,1,1,2
16,15,1,0,1,0,0,1,1,2
17,16,1,0,1,0,0,1,1,2
18,17,1,0,1,0,0,1,1,2
19,18,1,0,1,0,0,1,1,2
20,19,1,0,1,0,0,1,1,2
21,20,1,0,1,0,0,1,1,2
22,21,1,0,1,0,0,1,1,2
23,22,1,0,1,0,0,1,1,2
24,23,1,0,1,0,0,1,1,2
25,24,1,0,1,0,0,1,1,2
26,25,1,0,1,0,0,1,1,2
27,26,1,0,1,0,0,1,1,2
28,27,1,0,1,0,0,1,1,2
29,28,1,0,1,0,0,1,1,2
30,29,1,0,1,0,0,1,1,2
31,30,1,0,1,0,0,1,1,2
32,31,1,0,1,0,0,1,1,2
33,32,1,0,1,0,0,1,1,2
34,33,1,0,1,0,0,1,1,2
35,34,1,0,1,0,0,1,1,2
36,35,1,0,1,0,0,1,1,2
37,36,1,0,1,0,0,1,1,2
38,37,1,0,1,0,0,1,1,2
39,38,1,0,1,0,0,1,1,2
40,39,1,0,1,0,0,1,1,2
41,40,1,0,1,0,0,1,1,2
42,41,1,0,1,0,0,1,1,2
43,42,1,0,1,0,0,1,1,2
44,43,1,0,1,0,0,1,1,2
45,44,1,0,1,0,0,1,1,2
46,45,1,0,1,0,0,1,1,2
47,46,1,0,1,0,0,1,1,2
48,47,1,0,1,0,0,1,1,2
49,48,1,0,1,0,0,1,1,2
50,49,1,0,1,0,0,1,1,2
51,50,1,0,1,0,0,1,1,2
52,51,1,0,1,0,0,1,1,2
53,52,1,0,1,0,0,1,1,2
54,53,1,0,1,0,0,1,1,2
55,54,1,0,1,0,0,1,1,2
56,55,1,0,1,0,0,1,1,2
57,56,1,0,1,0,0,1,1,2
58,57,1,0,1,0,0,1,1,2
59,58,1,0,1,0,0,1,1,2
60,59,1,0,1,0,0,1,1,2
61,60,1,0,1,0,0,1,1,2
62,61,1,0,1,0,0,1,1,2
63,62,1,0,1,0,0,1,1,2
64,63,1,0,1,0,0,1,1,2
65,64,1,0,1,0,0,1,1,2
66,65,1,0,1,0,0,1,1,2
67,66,1,0,1,0,0,1,1,2
68,67,1,0,1,0,0,1,1,2
69,68,1,0,1,0,0,1,1,2
70,69,1,0,1,0,0,1,1,2
71,70,1,0,1,0,0,1,1,2
72,71,1,0,1,0,0,1,1,2
73,72,1,0,1,0,0,1,1,2
74,73,1,0,1,0,0,1,1,2
75,74,1,0,1,0,0,1,1,2
76,75,1,0,1,0,0,1,1,2
77,76,1,0,1,0,0,1,1,2
78,77,1,0,1,0,0,1,1,2
79,78,1,0,1,0,0,1,1,2
80,79,1,0,1,0,0,1,1,2
81,80,1,0,1,0,0,1,1,2
82,81,1,0,1,0,0,1,1,2
83,82,1,0,1,0,0,1,1,2
84,83,1,0,1,0,0,1,1,2
85,84,1,0,1,0,0,1,1,2
86,85,1,0,1,0,0,1,1,2
87,86,1,0,1,0,0,1,1,2
88,87,1,0,1,0,0,1,1,2
89,88,1,1,1,0,0,1,1,2
90,89,1,0,1,1,1,1,1,2
91,90,1,1,1,0,0,1,1,2
92,91,1,0,1,1,1,1,1,2
93,92,1,1,1,0,0,1,1,2
94,93,1,0,1,1,1,1,1,2
95,94,1,1,1,0,0,1,1,2
96,95,1,0,1,1,1,1,1,2
97,96,1,1,1,0,0,1,1,2
98,97,1,0,1,1,1,1,1,2
99,98,1,1,1,0,0,1,1,2
100,99,1,0,1,1,1,1,1,2
101,100,1,1,1,0,0,1,1,2
102,101,1,0,1,1,1,1,1,2
103,102,1,1,1,0,0,0,0,2
104,103,1,0,1,1,1,1,1,2
105,104,1,1,1,0,0,0,0,2
106,105,1,0,0,1,1,0,0,2
107,106,1,1,1,1,1,1,1,2
108,107,1,0,0,1,1,0,0,2
109,108,0,1,0,1,1,0,0,2
110,108,1,1,1,1,1,1,1,2
111,109,1,0,0,1,1,0,0,2
112,110,0,1,0,1,1,0,0,2
113,110,1,1,1,1,1,1,1,2
114,111,1,0,0,1,1,0,0,2
115,112,0,1,0,1,1,0,0,2
116,112,1,1,1,1,1,1,1,2
117,113,1,0,0,1,1,0,0,2
118,114,1,0,0,1,1,0,0,2
119,115,1,0,1,1,1,1,1,2
120,116,1,0,1,0,0,0,0,2
121,117,1,0,1,0,0,0,0,2
122,118,1,0,1,0,0,1,1,2
123,119,1,0,1,0,0,1,1,2
124,120,1,0,1,0,0,1,1,2
125,121,1,0,1,0,0,1,1,2
126,122,1,0,1,0,0,1,1,2
127,123,1,0,1,0,0,1,1,2
128,124,1,0,1,0,0,1,1,2
129,125,1,0,1,0,0,1,1,2
130,126,1,0,1,0,0,1,1,2
131,127,1,0,1,0,0,1,1,2
132,128,1,0,1,0,0,1,1,2
133,129,1,0,1,0,0,1,1,2
134,130,1,0,1,0,0,1,1,2
135,131,1,0,1,0,0,1,1,2
136,132,1,0,1,0,0,1,1,2
137,133,1,0,1,0,0,1,1,2
138,134,1,0,1,0,0,1,1,2
139,135,1,0,1,0,0,1,1,2
140,136,1,0,1,0,0,1,1,2
141,137,1,0,1,0,0,1,1,2
142,138,1,0,1,0,0,1,1,2
143,139,1,0,1,0,0,1,1,2
144,140,1,0,1,0,0,1,1,2
145,141,1,0,1,0,0,1,1,2
146,142,1,0,1,0,0,1,1,2
147,143,1,0,1,0,0,1,1,2
148,144,1,1,1,0,0,1,1,2
149,145,1,0,1,1,1,1,1,2
150,146,1,1,1,0,0,1,1,2
151,147,1,0,1,1,1,1,1,2
152,148,1,1,1,0,0,1,1,2
153,149,1,0,1,1,1,1,1,2
154,150,1,1,1,0,0,1,1,2
155,151,1,0,1,1,1,1,1,2
156,152,1,1,1,0,0,1,1,2
157,153,1,0,1,1,1,1,1,2
158,154,1,1,1,0,0,1,1,2
159,155,1,0,1,1,1,1,1,2
160,156,1,1,1,0,0,1,1,2
161,157,1,0,1,1,1,1,1,2
162,158,1,1,1,0,0,0,0,2
163,159,1,0,1,1,1,1,1,2
164,160,1,1,1,0,0,0,0,2
165,161,1,0,0,1,1,0,0,2
166,162,1,1,1,1,1,1,1,2
167,163,1,0,0,1,1,0,0,2
168,164,0,1,0,1,1,0,0,2
169,164,1,1,1,1,1,1,1,2
170,165,1,0,0,1,1,0,0,2
171,166,0,1,0,1,1,0,0,2
172,166,1,1,1,1,1,1,1,2
173,167,1,0,0,1,1,0,0,2
174,168,0,1,0,1,1,0,0,2
175,168,1,1,1,1,1,1,1,2
176,169,1,0,0,1,1,0,0,2
177,170,1,0,0,1,1,0,0,2
178,171,1,0,1,1,1,1,1,2
179,172,1,0,1,0,0,0,0,2
180,173,1,0,1,0,0,0,0,2
181,174,1,0,1,0,0,1,1,2
182,175,1,0,1,0,0,1,1,2
183,176,1,0,1,0,0,1,1,2
184,177,1,0,1,0,0,1,1,2
185,178,1,0,1,0,0,1,1,2
186,179,1,0,1,0,0,1,1,2
187,180,1,0,1,0,0,1,1,2
188,181,1,0,1,0,0,1,1,2
189,182,1,0,1,0,0,1,1,2
190,183,1,0,1,0,0,1,1,2
191,184,1,0,1,0,0,1,1,2
192,185,1,0,1,0,0,1,1,2
193,186,1,0,1,0,0,1,1,2
194,187,1,0,1,0,0,1,1,2
195,188,1,0,1,0,0,1,1,2
196,189,1,0,1,0,0,1,1,2
197,190,1,0,1,0,0,1,1,2
198,191,1,0,1,0,0,1,1,2
199,192,1,0,1,0,0,1,1,2
200,193,1,0,1,0,0,1,1,2
201,194,1,0,1,0,0,1,1,2
202,195,1,0,1,0,0,1,1,2
203,196,1,0,1,0,0,1,1,2
204,197,1,0,1,0,0,1,1,2
205,198,1,0,1,0,0,1,1,2
206,199,1,0,1,0,0,1,1,2
207,200,1,1,1,0,0,1,1,2
208,201,1,0,1,1,1,1,1,2
209,202,1,1,1,0,0,1,1,2
210,203,1,0,1,1,1,1,1,2
211,204,1,1,1,0,0,1,1,2
212,205,1,0,1,1,1,1,1,2
213,206,1,1,1,0,0,1,1,2
214,207,1,0,1,1,1,1,1,2
215,208,1,1,1,0,0,1,1,2
216,209,1,0,1,1,1,1,1,2
217,210,1,1,1,0,0,1,1,2
218,211,1,0,1,1,1,1,1,2
219,212,1,1,1,0,0,1,1,2
220,213,1,0,1,1,1,1,1,2
221,214,1,1,1,0,0,0,0,2
222,215,1,0,1,1,1,1,1,2
223,216,1,1,1,0,0,0,0,2
224,217,1,0,0,1,1,0,0,2
225,218,1,1,1,1,1,1,1,2
226,219,1,0,0,1,1,0,0,2
227,220,0,1,0,1,1,0,0,2
228,220,1,1,1,1,1,1,1,2
229,221,1,0,0,1,1,0,0,2
230,222,0,1,0,1,1,0,0,2
231,222,1,1,1,1,1,1,1,2
232,223,1,0,0,1,1,0,0,2
233,224,0,1,0,1,1,0,0,2
234,224,1,1,1,1,1,1,1,2
235,225,1,0,0,1,1,0,0,2
236,226,1,0,0,1,1,0,0,2
237,227,1,0,1,1,1,1,1,2
238,228,1,0,1,0,0,0,0,2
239,229,1,0,1,0,0,0,0,2
240,230,1,0,1,0,0,1,1,2
241,231,1,0,1,0,0,1,1,2
242,232,1,0,1,0,0,1,1,2
243,233,1,0,1,0,0,1,1,2
244,234,1,0,1,0,0,1,1,2
245,235,1,0,1,0,0,1,1,2
246,236,1,0,1,0,0,1,1,2
247,237,1,0,1,0,0,1,1,2
248,238,1,0,1,0,0,1,1,2
249,239,1,0,1,0,0,1,1,2
250,240,1,0,1,0,0,1,1,2
251,241,1,0,1,0,0,1,1,2
252,242,1,0,1,0,0,1,1,2
253,243,1,0,1,0,0,1,1,2
254,244,1,0,1,0,0,1,1,2
255,245,1,0,1,0,0,1,1,2
256,246,1,0,1,0,0,1,1,2
257,247,1,0,1,0,0,1,1,2
258,248,1,0,1,0,0,1,1,2
259,249,1,0,1,0,0,1,1,2
260,250,1,0,1,0,0,1,1,2
261,251,1,0,1,0,0,1,1,2
262,252,1,0,1,0,0,1,1,2
263,253,1,0,1,0,0,1,1,2
264,254,1,0,1,0,0,1,1,2
265,255,1,0,1,0,0,1,1,2
266,256,1,1,1,0,0,1,1,2
267,257,1,0,1,1,1,1,1,2
268,258,1,1,1,0,0,1,1,2
269,259,1,0,1,1,1,1,1,2
270,260,1,1,1,0,0,1,1,2
271,261,1,0,1,1,1,1,1,2
272,262,1,1,1,0,0,1,1,2
273,263,1,0,1,1,1,1,1,2
274,264,1,1,1,0,0,1,1,2
275,265,1,0,1,1,1,1,1,2
276,266,1,1,1,0,0,1,1,2
277,267,1,0,1,1,1,1,1,2
278,268,1,1,1,0,0,1,1,2
279,269,1,0,1,1,1,1,1,2
280,270,1,1,1,0,0,0,0,2
281,271,1,0,1,1,1,1,1,2
282,272,1,1,1,0,0,0,0,2
283,273,1,0,0,1,1,0,0,2
284,274,1,1,1,1,1,1,1,2
285,275,1,0,0,1,1,0,0,2
286,276,0,1,0,1,1,0,0,2
287,276,1,1,1,1,1,1,1,2
288,277,1,0,0,1,1,0,0,2
289,278,0,1,0,1,1,0,0,2
290,278,1,1,1,1,1,1,1,2
291,279,1,0,0,1,1,0,0,2
292,280,0,1,0,1,1,0,0,2
293,280,1,1,1,1,1,1,1,2
294,281,1,0,0,1,1,0,0,2
295,282,1,0,0,1,1,0,0,2
296,283,1,0,1,1,1,1,1,2
297,284,1,0,1,0,0,0,0,2
298,285,1,0,1,0,0,0,0,2
299,286,1,0,1,0,0,1,1,2
300,287,1,0,1,0,0,1,1,2
301,288,1,0,1,0,0,1,1,2
302,289,1,0,1,0,0,1,1,2
303,290,1,0,1,0,0,1,1,2
304,291,1,0,1,0,0,1,1,2
305,292,1,0,1,0,0,1,1,2
306,293,1,0,1,0,0,1,1,2
307,294,1,0,1,0,0,1,1,2
308,295,1,0,1,0,0,1,1,2
309,296,1,0,1,0,0,1,1,2
310,297,1,0,1,0,0,1,1,2
311,298,1,0,1,0,0,1,1,2
312,299,1,0,1,0,0,1,1,2
313,300,1,0,1,0,0,1,1,2
314,301,1,0,1,0,0,1,1,2
315,302,1,0,1,0,0,1,1,2
316,303,1,0,1,0,0,1,1,2
317,304,1,0,1,0,0,1,1,2
318,305,1,0,1,0,0,1,1,2
319,306,1,0,1,0,0,1,1,2
320,307,1,0,1,0,0,1,1,2
321,308,1,0,1,0,0,1,1,2
322,309,1,0,1,0,0,1,1,2
323,310,1,0,1,0,0,1,1,2
324,311,1,0,1,0,0,1,1,2
325,312,1,1,1,0,0,1,1,2
326,313,1,0,1,1,1,1,1,2
327,314,1,1,1,0,0,1,1,2
328,315,1,0,1,1,1,1,1,2
329,316,1,1,1,0,0,1,1,2
330,317,1,0,1,1,1,1,1,2
331,318,1,1,1,0,0,1,1,2
332,319,1,0,1,1,1,1,1,2
333,320,1,1,1,0,0,1,1,2
334,321,1,0,1,1,1,1,1,2
335,322,1,1,1,0,0,1,1,2
336,323,1,0,1,1,1,1,1,2
337,324,1,1,1,0,0,1,1,2
338,325,1,0,1,1,1,1,1,2
339,326,1,1,1,0,0,0,0,2
340,327,1,0,1,1,1,1,1,2
341,328,1,1,1,0,0,0,0,2
342,329,1,0,0,1,1,0,0,2
343,330,1,1,1,1,1,1,1,2
344,331,1,0,0,1,1,0,0,2
345,332,0,1,0,1,1,0,0,2
346,332,1,1,1,1,1,1,1,2
347,333,1,0,0,1,1,0,0,2
348,334,0,1,0,1,1,0,0,2
349,334,1,1,1,1,1,1,1,2
350,335,1,0,0,1,1,0,0,2
351,336,0,1,0,1,1,0,0,2
352,336,1,1,1,1,1,1,1,2
353,337,1,0,0,1,1,0,0,2
354,338,1,0,0,1,1,0,0,2
355,339,1,0,1,1,1,1,1,2
356,340,1,0,1,0,0,0,0,2
357,341,1,0,1,0,0,0,0,2
358,342,1,0,1,0,0,1,1,2
359,343,1,0,1,0,0,1,1,2
360,344,1,0,1,0,0,1,1,2
361,345,1,0,1,0,0,1,1,2
362,346,1,0,1,0,0,1,1,2
363,347,1,0,1,0,0,1,1,2
364,348,1,0,1,0,0,1,1,2
365,349,1,0,1,0,0,1,1,2
366,350,1,0,1,0,0,1,1,2
367,351,1,0,1,0,0,1,1,2
368,352,1,0,1,0,0,1,1,2
369,353,1,0,1,0,0,1,1,2
370,354,1,0,1,0,0,1,1,2
371,355,1,0,1,0,0,1,1,2
372,356,1,0,1,0,0,1,1,2
373,357,1,0,1,0,0,1,1,2
374,358,1,0,1,0,0,1,1,2
375,359,1,0,1,0,0,1,1,2
376,360,1,0,1,0,0,1,1,2
377,361,1,0,1,0,0,1,1,2
378,362,1,0,1,0,0,1,1,2
379,363,1,0,1,0,0,1,1,2
380,364,1,0,1,0,0,1,1,2
381,365,1,0,1,0,0,1,1,2
382,366,1,0,1,0,0,1,1,2
383,367,1,0,1,0,0,1,1,2
384,368,1,1,1,0,0,1,1,2
385,369,1,0,1,1,1,1,1,2
386,370,1,1,1,0,0,1,1,2
387,371,1,0,1,1,1,1,1,2
388,372,1,1,1,0,0,1,1,2
389,373,1,0,1,1,1,1,1,2
390,374,1,1,1,0,0,1,1,2
391,375,1,0,1,1,1,1,1,2
392,376,1,1,1,0,0,1,1,2
393,377,1,0,1,1,1,1,1,2
394,378,1,1,1,0,0,1,1,2
395,379,1,0,1,1,1,1,1,2
396,380,1,1,1,0,0,1,1,2
397,381,1,0,1,1,1,1,1,2
398,382,1,1,1,0,0,0,0,2
399,383,1,0,1,1,1,1,1,2
400,384,1,1,1,0,0,0,0,2
401,385,1,0,0,1,1,0,0,2
402,386,1,1,1,1,1,1,1,2
403,387,1,0,0,1,1,0,0,2
404,388,0,1,0,1,1,0,0,2
405,388,1,1,1,1,1,1,1,2
406,389,1,0,0,1,1,0,0,2
407,390,0,1,0,1,1,0,0,2
408,390,1,1,1,1,1,1,1,2
409,391,1,0,0,1,1,0,0,2
410,392,0,1,0,1,1,0,0,2
411,392,1,1,1,1,1,1,1,2
412,393,1,0,0,1,1,0,0,2
413,394,1,0,0,1,1,0,0,2
414,395,1,0,1,1,1,1,1,2
415,396,1,0,1,0,0,0,0,2
416,397,1,0,1,0,0,0,0,2
417,398,1,0,1,0,0,1,1,2
418,399,1,0,1,0,0,1,1,2
419,400,1,0,1,0,0,1,1,2
420,401,1,0,1,0,0,1,1,2
421,402,1,0,1,0,0,1,1,2
422,403,1,0,1,0,0,1,1,2
423,404,1,0,1,0,0,1,1,2
424,405,1,0,1,0,0,1,1,2
425,406,1,0,1,0,0,1,1,2
426,407,1,0,1,0,0,1,1,2
427,408,1,0,1,0,0,1,1,2
428,409,1,0,1,0,0,1,1,2
429,410,1,0,1,0,0,1,1,2
430,411,1,0,1,0,0,1,1,2
431,412,1,0,1,0,0,1,1,2
432,413,1,0,1,0,0,1,1,2
433,414,1,0,1,0,0,1,1,2
434,415,1,0,1,0,0,1,1,2
435,416,1,0,1,0,0,1,1,2
436,417,1,0,1,0,0,1,1,2
437,418,1,0,1,0,0,1,1,2
438,419,1,0,1,0,0,1,1,2
439,420,1,0,1,0,0,1,1,2
440,421,1,0,1,0,0,1,1,2
441,422,1,0,1,0,0,1,1,2
442,423,1,0,1,0,0,1,1,2
443,424,1,1,1,0,0,1,1,2
444,425,1,0,1,1,1,1,1,2
445,426,1,1,1,0,0,1,1,2
446,427,1,0,1,1,1,1,1,2
447,428,1,1,1,0,0,1,1,2
448,429,1,0,1,1,1,1,1,2
449,430,1,1,1,0,0,1,1,2
450,431,1,0,1,1,1,1,1,2
451,432,1,1,1,0,0,1,1,2
452,433,1,0,1,1,1,1,1,2
453,434,1,1,1,0,0,1,1,2
454,435,1,0,1,1,1,1,1,2
455,436,1,1,1,0,0,1,1,2
456,437,1,0,1,1,1,1,1,2
457,438,1,1,1,0,0,0,0,2
458,439,1,0,1,1,1,1,1,2
459,440,1,1,1,0,0,0,0,2
460,441,1,0,0,1,1,0,0,2
461,442,1,1,1,1,1,1,1,2
462,443,1,0,0,1,1,0,0,2
463,444,0,1,0,1,1,0,0,2
464,444,1,1,1,1,1,1,1,2
465,445,1,0,0,1,1,0,0,2
466,446,0,1,0,1,1,0,0,2
467,446,1,1,1,1,1,1,1,2
468,447,1,0,0,1,1,0,0,2
469,448,0,1,0,1,1,0,0,2
470,448,1,1,1,1,1,1,1,2
471,449,1,0,0,1,1,0,0,2
472,450,1,0,0,1,1,0,0,2
473,451,1,0,1,1,1,1,1,2
474,452,1,0,1,0,0,0,0,2
475,453,1,0,1,0,0,0,0,2
476,454,1,0,1,0,0,1,1,2
477,455,1,0,1,0,0,1,1,2
478,456,1,0,1,0,0,1,1,2
479,457,1,0,1,0,0,1,1,2
480,458,1,0,1,0,0,1,1,2
481,459,1,0,1,0,0,1,1,2
482,460,1,0,1,0,0,1,1,2
483,461,1,0,1,0,0,1,1,2
484,462,1,0,1,0,0,1,1,2
485,463,1,0,1,0,0,1,1,2
486,464,1,0,1,0,0,1,1,2
487,465,1,0,1,0,0,1,1,2
488,466,1,0,1,0,0,1,1,2
489,467,1,0,1,0,0,1,1,2
490,468,1,0,1,0,0,1,1,2
491,469,1,0,1,0,0,1,1,2
492,470,1,0,1,0,0,1,1,2
493,471,1,0,1,0,0,1,1,2
494,472,1,0,1,0,0,1,1,2
495,473,1,0,1,0,0,1,1,2
496,474,1,0,1,0,0,1,1,2
497,475,1,0,1,0,0,1,1,2
498,476,1,0,1,0,0,1,1,2
499,477,1,0,1,0,0,1,1,2
500,478,1,0,1,0,0,1,1,2
501,479,1,0,1,0,0,1,1,2
502,480,1,1,1,0,0,1,1,2
503,481,1,0,1,1,1,1,1,2
504,482,1,1,1,0,0,1,1,2
505,483,1,0,1,1,1,1,1,2
506,484,1,1,1,0,0,1,1,2
507,485,1,0,1,1,1,1,1,2
508,486,1,1,1,0,0,1,1,2
509,487,1,0,1,1,1,1,1,2
510,488,1,1,1,0,0,1,1,2
511,489,1,0,1,1,1,1,1,2
512,490,1,1,1,0,0,1,1,2
513,491,1,0,1,1,1,1,1,2
514,492,1,1,1,0,0,1,1,2
515,493,1,0,1,1,1,1,1,2
516,494,1,1,1,0,0,0,0,2
517,495,1,0,1,1,1,1,1,2
518,496,1,1,1,0,0,0,0,2
519,497,1,0,0,1,1,0,0,2
520,498,1,1,1,1,1,1,1,2
521,499,1,0,0,1,1,0,0,2
522,500,0,1,0,1,1,0,0,2
523,500,1,1,1,1,1,1,1,2
524,501,1,0,0,1,1,0,0,2
525,502,0,1,0,1,1,0,0,2
526,502,1,1,1,1,1,1,1,2
527,503,1,0,0,1,1,0,0,2
528,504,0,1,0,1,1,0,0,2
529,504,1,1,1,1,1,1,1,2
530,505,1,0,0,1,1,0,0,2
531,506,1,0,0,1,1,0,0,2
532,507,1,0,1,1,1,1,1,2
533,508,1,0,1,0,0,0,0,2
534,509,1,0,1,0,0,0,0,2
535,510,1,0,1,0,0,1,1,2
536,511,1,0,1,0,0,1,1,2
537,512,1,0,1,0,0,1,1,2
538,513,1,0,1,0,0,1,1,2
539,514,1,0,1,0,0,1,1,2
540,515,1,0,1,0,0,1,1,2
541,516,1,0,1,0,0,1,1,2
542,517,1,0,1,0,0,1,1,2
543,518,1,0,1,0,0,1,1,2
544,519,1,0,1,0,0,1,1,2
545,520,1,0,1,0,0,1,1,2
546,521,1,0,1,0,0,1,1,2
547,522,1,0,1,0,0,1,1,2
548,523,1,0,1,0,0,1,1,2
549,524,1,0,1,0,0,1,1,2
550,525,1,0,1,0,0,1,1,2
551,526,1,0,1,0,0,1,1,2
552,527,1,0,1,0,0,1,1,2
553,528,1,0,1,0,0,1,1,2
554,529,1,0,1,0,0,1,1,2
555,530,1,0,1,0,0,1,1,2
556,531,1,0,1,0,0,1,1,2
557,532,1,0,1,0,0,1,1,2
558,533,1,0,1,0,0,1,1,2
559,534,1,0,1,0,0,1,1,2
560,535,1,0,1,0,0,1,1,2
561,536,1,1,1,0,0,1,1,2
562,537,1,0,1,1,1,1,1,2
563,538,1,1,1,0,0,1,1,2
564,539,1,0,1,1,1,1,1,2
565,540,1,1,1,0,0,1,1,2
566,541,1,0,1,1,1,1,1,2
567,542,1,1,1,0,0,1,1,2
568,543,1,0,1,1,1,1,1,2
569,544,1,1,1,0,0,1,1,2
570,545,1,0,1,1,1,1,1,2
571,546,1,1,1,0,0,1,1,2
572,547,1,0,1,1,1,1,1,2
573,548,1,1,1,0,0,1,1,2
574,549,1,0,1,1,1,1,1,2
575,550,1,1,1,0,0,0,0,2
576,551,1,0,1,1,1,1,1,2
577,552,1,1,1,0,0,0,0,2
578,553,1,0,0,1,1,0,0,2
579,554,1,1,1,1,1,1,1,2
580,555,1,0,0,1,1,0,0,2
581,556,0,1,0,1,1,0,0,2
582,556,1,1,1,1,1,1,1,2
583,557,1,0,0,1,1,0,0,2
584,558,0,1,0,1,1,0,0,2
585,558,1,1,1,1,1,1,1,2
586,559,1,0,0,1,1,0,0,2
587,560,0,1,0,1,1,0,0,2
588,560,1,1,1,1,1,1,1,2
589,561,1,0,0,1,1,0,0,2
590,562,1,0,0,1,1,0,0,2
591,563,1,0,1,1,1,1,1,2
592,564,1,0,1,0,0,0,0,2
593,565,1,0,1,0,0,0,0,2
594,566,1,0,1,0,0,1,1,2
595,567,1,0,1,0,0,1,1,2
596,568,1,0,1,0,0,1,1,2
597,569,1,0,1,0,0,1,1,2
598,570,1,0,1,0,0,1,1,2
599,571,1,0,1,0,0,1,1,2
600,572,1,0,1,0,0,1,1,2
601,573,1,0,1,0,0,1,1,2
602,574,1,0,1,0,0,1,1,2
603,575,1,0,1,0,0,1,1,2
604,576,1,0,1,0,0,1,1,2
605,577,1,0,1,0,0,1,1,2
606,578,1,0,1,0,0,1,1,2
607,579,1,0,1,0,0,1,1,2
608,580,1,0,1,0,0,1,1,2
609,581,1,0,1,0,0,1,1,2
610,582,1,0,1,0,0,1,1,2
611,583,1,0,1,0,0,1,1,2
612,584,1,0,1,0,0,1,1,2
613,585,1,0,1,0,0,1,1,2
614,586,1,0,1,0,0,1,1,2
615,587,1,0,1,0,0,1,1,2
616,588,1,0,1,0,0,1,1,2
617,589,1,0,1,0,0,1,1,2
618,590,1,0,1,0,0,1,1,2
619,591,1,0,1,0,0,1,1,2
620,592,1,1,1,0,0,1,1,2
621,593,1,0,1,1,1,1,1,2
622,594,1,1,1,0,0,1,1,2
623,595,1,0,1,1,1,1,1,2
624,596,1,1,1,0,0,1,1,2
625,597,1,0,1,1,1,1,1,2
626,598,1,1,1,0,0,1,1,2
627,599,1,0,1,1,1,1,1,2
628,600,1,1,1,0,0,1,1,2
629,601,1,0,1,1,1,1,1,2
630,602,1,1,1,0,0,1,1,2
631,603,1,0,1,1,1,1,1,2
632,604,1,1,1,0,0,1,1,2
633,605,1,0,1,1,1,1,1,2
634,606,1,1,1,0,0,0,0,2
635,607,1,0,1,1,1,1,1,2
636,608,1,1,1,0,0,0,0,2
637,609,1,0,0,1,1,0,0,2
638,610,1,1,1,1,1,1,1,2
639,611,1,0,0,1,1,0,0,2
640,612,0,1,0,1,1,0,0,2
641,612,1,1,1,1,1,1,1,2
642,613,1,0,0,1,1,0,0,2
643,614,0,1,0,1,1,0,0,2
644,614,1,1,1,1,1,1,1,2
645,615,1,0,0,1,1,0,0,2
646,616,0,1,0,1,1,0,0,2
647,616,1,1,1,1,1,1,1,2
648,617,1,0,0,1,1,0,0,2
649,618,1,0,0,1,1,0,0,2
650,619,1,0,1,1,1,1,1,2
651,620,1,0,1,0,0,0,0,2
652,621,1,0,1,0,0,0,0,2
653,622,1,0,1,0,0,1,1,2
654,623,1,0,1,0,0,1,1,2
655,624,1,0,1,0,0,1,1,2
656,625,1,0,1,0,0,1,1,2
657,626,1,0,1,0,0,1,1,2
658,627,1,0,1,0,0,1,1,2
659,628,1,0,1,0,0,1,1,2
660,629,1,0,1,0,0,1,1,2
661,630,1,0,1,0,0,1,1,2
662,631,1,0,1,0,0,1,1,2
663,632,1,0,1,0,0,1,1,2
664,633,1,0,1,0,0,1,1,2
665,634,1,0,1,0,0,1,1,2
666,635,1,0,1,0,0,1,1,2
667,636,1,0,1,0,0,1,1,2
668,637,1,0,1,0,0,1,1,2
669,638,1,0,1,0,0,1,1,2
670,639,1,0,1,0,0,1,1,2
671,640,1,0,1,0,0,1,1,2
672,641,1,0,1,0,0,1,1,2
673,642,1,0,1,0,0,1,1,2
674,643,1,0,1,0,0,1,1,2
675,644,1,0,1,0,0,1,1,2
676,645,1,0,1,0,0,1,1,2
677,646,1,0,1,0,0,1,1,2
678,647,1,0,1,0,0,1,1,2
679,648,1,1,1,0,0,1,1,2
680,649,1,0,1,1,1,1,1,2
681,650,1,1,1,0,0,1,1,2
682,651,1,0,1,1,1,1,1,2
683,652,1,1,1,0,0,1,1,2
684,653,1,0,1,1,1,1,1,2
685,654,1,1,1,0,0,1,1,2
686,655,1,0,1,1,1,1,1,2
687,656,1,1,1,0,0,1,1,2
688,657,1,0,1,1,1,1,1,2
689,658,1,1,1,0,0,1,1,2
690,659,1,0,1,1,1,1,1,2
691,660,1,1,1,0,0,1,1,2
692,661,1,0,1,1,1,1,1,2
693,662,1,1,1,0,0,0,0,2
694,663,1,0,1,1,1,1,1,2
695,664,1,1,1,0,0,0,0,2
696,665,1,0,0,1,1,0,0,2
697,666,1,1,1,1,1,1,1,2
698,667,1,0,0,1,1,0,0,2
699,668,0,1,0,1,1,0,0,2
700,668,1,1,1,1,1,1,1,2
701,669,1,0,0,1,1,0,0,2
702,670,0,1,0,1,1,0,0,2
703,670,1,1,1,1,1,1,1,2
704,671,1,0,0,1,1,0,0,2
705,672,0,1,0,1,1,0,0,2
706,672,1,1,1,1,1,1,1,2
707,673,1,0,0,1,1,0,0,2
708,674,1,0,0,1,1,0,0,2
709,675,1,0,1,1,1,1,1,2
710,676,1,0,1,0,0,0,0,2
711,677,1,0,1,0,0,0,0,2
712,678,1,0,1,0,0,1,1,2
713,679,1,0,1,0,0,1,1,2
714,680,1,0,1,0,0,1,1,2
715,681,1,0,1,0,0,1,1,2
716,682,1,0,1,0,0,1,1,2
717,683,1,0,1,0,0,1,1,2
718,684,1,0,1,0,0,1,1,2
719,685,1,0,1,0,0,1,1,2
720,686,1,0,1,0,0,1,1,2
721,687,1,0,1,0,0,1,1,2
722,688,1,0,1,0,0,1,1,2
723,689,1,0,1,0,0,1,1,2
724,690,1,0,1,0,0,1,1,2
725,691,1,0,1,0,0,1,1,2
726,692,1,0,1,0,0,1,1,2
727,693,1,0,1,0,0,1,1,2
728,694,1,0,1,0,0,1,1,2
729,695,1,0,1,0,0,1,1,2
730,696,1,0,1,0,0,1,1,2
731,697,1,0,1,0,0,1,1,2
732,698,1,0,1,0,0,1,1,2
733,699,1,0,1,0,0,1,1,2
734,700,1,0,1,0,0,1,1,2
735,701,1,0,1,0,0,1,1,2
736,702,1,0,1,0,0,1,1,2
737,703,1,0,1,0,0,1,1,2
738,704,1,1,1,0,0,1,1,2
739,705,1,0,1,1,1,1,1,2
740,706,1,1,1,0,0,1,1,2
741,707,1,0,1,1,1,1,1,2
742,708,1,1,1,0,0,1,1,2
743,709,1,0,1,1,1,1,1,2
744,710,1,1,1,0,0,1,1,2
745,711,1,0,1,1,1,1,1,2
746,712,1,1,1,0,0,1,1,2
747,713,1,0,1,1,1,1,1,2
748,714,1,1,1,0,0,1,1,2
749,715,1,0,1,1,1,1,1,2
750,716,1,1,1,0,0,1,1,2
751,717,1,0,1,1,1,1,1,2
752,718,1,1,1,0,0,0,0,2
753,719,1,0,1,1,1,1,1,2
754,720,1,1,1,0,0,0,0,2
755,721,1,0,0,1,1,0,0,2
756,722,1,1,1,1,1,1,1,2
757,723,1,0,0,1,1,0,0,2
758,724,0,1,0,1,1,0,0,2
759,724,1,1,1,1,1,1,1,2
760,725,1,0,0,1,1,0,0,2
761,726,0,1,0,1,1,0,0,2
762,726,1,1,1,1,1,1,1,2
763,727,1,0,0,1,1,0,0,2
764,728,0,1,0,1,1,0,0,2
765,728,1,1,1,1,1,1,1,2
766,729,1,0,0,1,1,0,0,2
767,730,1,0,0,1,1,0,0,2
768,731,1,0,1,1,1,1,1,2
769,732,1,0,1,0,0,0,0,2
770,733,1,0,1,0,0,0,0,2
771,734,1,0,1,0,0,1,1,2
772,735,1,0,1,0,0,1,1,2
773,736,1,0,1,0,0,1,1,2
774,737,1,0,1,0,0,1,1,2
775,738,1,0,1,0,0,1,1,2
776,739,1,0,1,0,0,1,1,2
777,740,1,0,1,0,0,1,1,2
778,741,1,0,1,0,0,1,1,2
779,742,1,0,1,0,0,1,1,2
780,743,1,0,1,0,0,1,1,2
781,744,1,0,1,0,0,1,1,2
782,745,1,0,1,0,0,1,1,2
783,746,1,0,1,0,0,1,1,2
784,747,1,0,1,0,0,1,1,2
785,748,1,0,1,0,0,1,1,2
786,749,1,0,1,0,0,1,1,2
787,750,1,0,1,0,0,1,1,2
788,751,1,0,1,0,0,1,1,2
789,752,1,0,1,0,0,1,1,2
790,753,1,0,1,0,0,1,1,2
791,754,1,0,1,0,0,1,1,2
792,755,1,0,1,0,0,1,1,2
793,756,1,0,1,0,0,1,1,2
794,757,1,0,1,0,0,1,1,2
795,758,1,0,1,0,0,1,1,2
796,759,1,0,1,0,0,1,1,2
797,760,1,1,1,0,0,1,1,2
798,761,1,0,1,1,1,1,1,2
799,762,1,1,1,0,0,1,1,2
800,763,1,0,1,1,1,1,1,2
801,764,1,1,1,0,0,1,1,2
802,765,1,0,1,1,1,1,1,2
803,766,1,1,1,0,0,1,1,2
804,767,1,0,1,1,1,1,1,2
805,768,1,1,1,0,0,1,1,2
806,769,1,0,1,1,1,1,1,2
807,770,1,1,1,0,0,1,1,2
808,771,1,0,1,1,1,1,1,2
809,772,1,1,1,0,0,1,1,2
810,773,1,0,1,1,1,1,1,2
811,774,1,1,1,0,0,0,0,2
812,775,1,0,1,1,1,1,1,2
813,776,1,1,1,0,0,0,0,2
814,777,1,0,0,1,1,0,0,2
815,778,1,1,1,1,1,1,1,2
816,779,1,0,0,1,1,0,0,2
817,780,0,1,0,1,1,0,0,2
818,780,1,1,1,1,1,1,1,2
819,781,1,0,0,1,1,0,0,2
820,782,0,1,0,1,1,0,0,2
821,782,1,1,1,1,1,1,1,2
822,783,1,0,0,1,1,0,0,2
823,784,0,1,0,1,1,0,0,2
824,784,0,1,1,1,1,1,1,2
825,784,0,0,0,1,1,0,0,2
826,784,0,0,0,1,1,0,0,2
827,784,0,0,1,1,1,1,1,2
828,784,0,0,1,0,0,0,0,2
829,784,0,0,1,0,0,0,0,2
830,784,0,0,1,0,0,1,1,2
831,784,0,0,1,0,0,1,1,2
832,784,0,0,1,0,0,1,1,2
833,784,0,0,1,0,0,1,1,2
834,784,0,0,1,0,0,1,1,2
835,784,0,0,1,0,0,1,1,2
836,784,0,0,1,0,0,1,1,2
837,784,0,0,1,0,0,1,1,2
838,784,0,0,1,0,0,1,1,2
839,784,0,0,1,0,0,1,1,2
840,784,0,0,1,0,0,1,1,2
841,784,0,0,1,0,0,1,1,2
842,784,0,0,1,0,0,1,1,2
843,784,0,0,1,0,0,1,1,2
844,784,0,0,1,0,0,1,1,2
845,784,0,0,1,0,0,1,1,2
846,784,0,0,1,0,0,1,1,2
847,784,0,0,1,0,0,1,1,2
848,784,0,0,1,0,0,0,1,3
849,784,0,0,1,0,0,0,1,4
850,784,0,0,1,0,0,0,1,4
851,784,0,0,1,0,0,0,1,4
852,784,0,0,1,0,0,0,1,4
853,784,0,0,1,0,0,0,1,4
854,784,0,0,1,0,0,0,1,4
855,784,0,0,1,0,0,0,1,4
856,784,0,0,1,0,0,0,1,4
857,784,0,0,1,0,0,0,1,4
858,784,0,0,1,0,0,0,1,4
859,784,0,0,1,0,0,0,1,4
860,784,0,0,1,0,0,0,1,4
861,784,0,0,1,0,0,0,1,4
862,784,0,0,1,0,0,0,1,4
863,784,0,0,1,0,0,0,1,4
864,784,0,0,1,0,0,0,1,4
865,784,0,0,1,0,0,0,1,4
866,784,0,0,1,0,0,0,1,4
867,784,0,0,1,0,0,0,1,4
868,784,0,0,1,0,0,0,1,4
869,784,0,0,1,0,0,0,1,4
870,784,0,0,1,0,0,0,1,4
871,784,0,0,1,0,0,0,1,4
872,784,0,0,1,0,0,0,1,4
873,784,0,0,1,0,0,0,1,4
874,784,0,0,1,0,0,0,1,4
875,784,0,0,1,0,0,0,1,4
876,784,0,0,1,0,0,0,1,4
877,784,0,0,1,0,0,0,1,4
878,784,0,0,1,0,0,0,1,4
879,784,0,0,1,0,0,0,1,4
880,784,0,0,1,0,0,0,1,4
881,784,0,0,1,0,0,0,1,4
882,784,0,0,1,0,0,0,1,4
883,784,0,0,1,0,0,0,1,4
884,784,0,0,1,0,0,0,1,4
885,784,0,0,1,0,0,0,1,4
886,784,0,0,1,0,0,0,1,4
887,784,0,0,1,0,0,0,1,4
888,784,0,0,1,0,0,0,1,4
889,784,0,0,1,0,0,0,1,4
890,784,0,0,1,0,0,0,1,4
891,784,0,0,1,0,0,0,1,4
892,784,0,0,1,0,0,0,1,4
893,784,0,0,1,0,0,0,1,4
894,784,0,0,1,0,0,0,1,4
895,784,0,0,1,0,0,0,1,4
896,784,0,0,1,0,0,0,1,4
897,784,0,0,1,0,0,0,1,4
898,784,0,0,1,0,0,0,1,4
899,784,0,0,1,0,0,0,1,4
900,784,0,0,1,0,0,0,1,4
901,784,0,0,1,0,0,0,1,4
902,784,0,0,1,0,0,0,0,4
903,784,0,0,1,0,0,0,0,4
904,784,0,0,1,0,0,0,0,4
905,784,0,0,1,0,0,0,1,4
906,784,0,0,1,0,0,0,1,4
907,784,0,0,1,0,0,0,1,4
908,784,0,0,1,0,0,0,1,4
909,784,0,0,1,0,0,0,0,4
910,784,0,0,1,0,0,0,0,4
911,784,0,0,1,0,0,0,0,4
912,784,0,0,1,0,0,0,0,4
913,784,0,0,1,0,0,0,0,4
914,784,0,0,1,0,0,0,1,4
915,784,0,0,1,0,0,0,1,4
916,784,0,0,1,0,0,0,1,4
917,784,0,0,1,0,0,0,1,4
918,784,0,0,1,0,0,0,0,4
919,784,0,0,1,0,0,0,0,4
920,784,0,0,1,0,0,0,0,4
921,784,0,0,1,0,0,0,0,4
922,784,0,0,1,0,0,0,0,4
923,784,0,0,1,0,0,0,1,4
924,784,0,0,1,0,0,0,1,4
925,784,0,0,1,0,0,0,1,4
926,784,0,0,1,0,0,0,1,4
927,784,0,0,1,0,0,0,1,4
928,784,0,0,1,0,0,0,1,4
929,784,0,0,1,0,0,0,1,4
930,784,0,0,1,0,0,0,1,4
931,784,0,0,1,0,0,0,1,4
932,784,0,0,1,0,0,0,1,4
933,784,0,0,1,0,0,0,1,4
934,784,0,0,1,0,0,0,1,4
935,784,0,0,1,0,0,0,1,4
936,784,0,0,1,0,0,0,1,4
937,784,0,0,1,0,0,0,1,4
938,784,0,0,1,0,0,0,1,4
939,784,0,0,1,0,0,0,1,4
940,784,0,0,1,0,0,0,1,4
941,784,0,0,1,0,0,0,1,4
942,784,0,0,1,0,0,0,1,4
943,784,0,0,1,0,0,0,1,4
944,784,0,0,1,0,0,0,1,4
945,784,0,0,1,0,0,0,1,4
946,784,0,0,1,0,0,0,1,4
947,784,0,0,1,0,0,0,1,4
948,784,0,0,1,0,0,0,1,4
949,784,0,0,1,0,0,0,1,4
950,784,0,0,1,0,0,0,1,4
951,784,0,0,1,0,0,0,0,4
952,784,0,0,1,0,0,0,0,4
953,784,0,0,1,0,0,0,0,4
954,784,0,0,1,0,0,0,1,4
955,784,0,0,1,0,0,0,1,4
956,784,0,0,1,0,0,0,1,4
957,784,0,0,1,0,0,0,1,4
958,784,0,0,1,0,0,0,0,4
959,784,0,0,1,0,0,0,0,4
960,784,0,0,1,0,0,0,0,4
961,784,0,0,1,0,0,0,0,4
962,784,0,0,1,0,0,0,0,4
963,784,0,0,1,0,0,0,1,4
964,784,0,0,1,0,0,0,1,4
965,784,0,0,1,0,0,0,1,4
966,784,0,0,1,0,0,0,1,4
967,784,0,0,1,0,0,0,0,4
968,784,0,0,1,0,0,0,0,4
969,784,0,0,1,0,0,0,0,4
970,784,0,0,1,0,0,0,0,4
971,784,0,0,1,0,0,0,0,4
972,784,0,0,1,0,0,0,1,4
973,784,0,0,1,0,0,0,1,4
974,784,0,0,1,0,0,0,1,4
975,784,0,0,1,0,0,0,1,4
976,784,0,0,1,0,0,0,1,4
977,784,0,0,1,0,0,0,1,4
978,784,0,0,1,0,0,0,1,4
979,784,0,0,1,0,0,0,1,4
980,784,0,0,1,0,0,0,1,4
981,784,0,0,1,0,0,0,1,4
982,784,0,0,1,0,0,0,1,4
983,784,0,0,1,0,0,0,1,4
984,784,0,0,1,0,0,0,1,4
985,784,0,0,1,0,0,0,1,4
986,784,0,0,1,0,0,0,1,4
987,784,0,0,1,0,0,0,1,4
988,784,0,0,1,0,0,0,1,4
989,784,0,0,1,0,0,0,1,4
990,784,0,0,1,0,0,0,1,4
991,784,0,0,1,0,0,0,1,4
992,784,0,0,1,0,0,0,1,4
993,784,0,0,1,0,0,0,1,4
994,784,0,0,1,0,0,0,1,4
995,784,0,0,1,0,0,0,1,4
996,784,0,0,1,0,0,0,1,4
997,784,0,0,1,0,0,0,1,4
998,784,0,0,1,0,0,0,1,4
999,784,0,0,1,0,0,0,1,4
1000,784,0,0,1,0,0,0,0,4
1001,784,0,0,1,0,0,0,0,4
1002,784,0,0,1,0,0,0,0,4
1003,784,0,0,1,0,0,0,1,4
1004,784,0,0,1,0,0,0,1,4
1005,784,0,0,1,0,0,0,1,4
1006,784,0,0,1,0,0,0,1,4
1007,784,0,0,1,0,0,0,0,4
1008,784,0,0,1,0,0,0,0,4
1009,784,0,0,1,0,0,0,0,4
1010,784,0,0,1,0,0,0,0,4
1011,784,0,0,1,0,0,0,0,4
1012,784,0,0,1,0,0,0,1,4
1013,784,0,0,1,0,0,0,1,4
1014,784,0,0,1,0,0,0,1,4
1015,784,0,0,1,0,0,0,1,4
1016,784,0,0,1,0,0,0,0,4
1017,784,0,0,1,0,0,0,0,4
1018,784,0,0,1,0,0,0,0,4
1019,784,0,0,1,0,0,0,0,4
1020,784,0,0,1,0,0,0,0,4
1021,784,0,0,1,0,0,0,1,4
1022,784,0,0,1,0,0,0,1,4
1023,784,0,0,1,0,0,0,1,4
1024,784,0,0,1,0,0,0,1,4
1025,784,0,0,1,0,0,0,1,4
1026,784,0,0,1,0,0,0,1,4
1027,784,0,0,1,0,0,0,1,4
1028,784,0,0,1,0,0,0,1,4
1029,784,0,0,1,0,0,0,1,4
1030,784,0,0,1,0,0,0,1,4
1031,784,0,0,1,0,0,0,1,4
1032,784,0,0,1,0,0,0,1,4
1033,784,0,0,1,0,0,0,1,4
1034,784,0,0,1,0,0,0,1,4
1035,784,0,0,1,0,0,0,1,4
1036,784,0,0,1,0,0,0,1,4
1037,784,0,0,1,0,0,0,1,4
1038,784,0,0,1,0,0,0,1,4
1039,784,0,0,1,0,0,0,1,4
1040,784,0,0,1,0,0,0,1,4
1041,784,0,0,1,0,0,0,1,4
1042,784,0,0,1,0,0,0,1,4
1043,784,0,0,1,0,0,0,1,4
1044,784,0,0,1,0,0,0,1,4
1045,784,0,0,1,0,0,0,1,4
1046,784,0,0,1,0,0,0,1,4
1047,784,0,0,1,0,0,0,1,4
1048,784,0,0,1,0,0,0,1,4
1049,784,0,0,1,0,0,0,0,4
1050,784,0,0,1,0,0,0,0,4
1051,784,0,0,1,0,0,0,0,4
1052,784,0,0,1,0,0,0,1,4
1053,784,0,0,1,0,0,0,1,4
1054,784,0,0,1,0,0,0,1,4
1055,784,0,0,1,0,0,0,1,4
1056,784,0,0,1,0,0,0,0,4
1057,784,0,0,1,0,0,0,0,4
1058,784,0,0,1,0,0,0,0,4
1059,784,0,0,1,0,0,0,0,4
1060,784,0,0,1,0,0,0,0,4
1061,784,0,0,1,0,0,0,1,4
1062,784,0,0,1,0,0,0,1,4
1063,784,0,0,1,0,0,0,1,4
1064,784,0,0,1,0,0,0,1,4
1065,784,0,0,1,0,0,0,0,4
1066,784,0,0,1,0,0,0,0,4
1067,784,0,0,1,0,0,0,0,4
1068,784,0,0,1,0,0,0,0,4
1069,784,0,0,1,0,0,0,0,4
1070,784,0,0,1,0,0,0,1,4
1071,784,0,0,1,0,0,0,1,4
1072,784,0,0,1,0,0,0,1,4
1073,784,0,0,1,0,0,0,1,4
1074,784,0,0,1,0,0,0,1,4
1075,784,0,0,1,0,0,0,1,4
1076,784,0,0,1,0,0,0,1,4
1077,784,0,0,1,0,0,0,1,4
1078,784,0,0,1,0,0,0,1,4
1079,784,0,0,1,0,0,0,1,4
1080,784,0,0,1,0,0,0,1,4
1081,784,0,0,1,0,0,0,1,4
1082,784,0,0,1,0,0,0,1,4
1083,784,0,0,1,0,0,0,1,4
1084,784,0,0,1,0,0,0,1,4
1085,784,0,0,1,0,0,0,1,4
1086,784,0,0,1,0,0,0,1,4
1087,784,0,0,1,0,0,0,1,4
1088,784,0,0,1,0,0,0,1,4
1089,784,0,0,1,0,0,0,1,4
1090,784,0,0,1,0,0,0,1,4
1091,784,0,0,1,0,0,0,1,4
1092,784,0,0,1,0,0,0,1,4
1093,784,0,0,1,0,0,0,1,4
1094,784,0,0,1,0,0,0,1,4
1095,784,0,0,1,0,0,0,1,4
1096,784,0,0,1,0,0,0,1,4
1097,784,0,0,1,0,0,0,1,4
1098,784,0,0,1,0,0,0,0,4
1099,784,0,0,1,0,0,0,0,4
1100,784,0,0,1,0,0,0,0,4
1101,784,0,0,1,0,0,0,1,4
1102,784,0,0,1,0,0,0,1,4
1103,784,0,0,1,0,0,0,1,4
1104,784,0,0,1,0,0,0,1,4
1105,784,0,0,1,0,0,0,0,4
1106,784,0,0,1,0,0,0,0,4
1107,784,0,0,1,0,0,0,0,4
1108,784,0,0,1,0,0,0,0,4
1109,784,0,0,1,0,0,0,0,4
1110,784,0,0,1,0,0,0,1,4
1111,784,0,0,1,0,0,0,1,4
1112,784,0,0,1,0,0,0,1,4
1113,784,0,0,1,0,0,0,1,4
1114,784,0,0,1,0,0,0,0,4
1115,784,0,0,1,0,0,0,0,4
1116,784,0,0,1,0,0,0,0,4
1117,784,0,0,1,0,0,0,0,4
1118,784,0,0,1,0,0,0,0,4
1119,784,0,0,1,0,0,0,1,4
1120,784,0,0,1,0,0,0,1,4
1121,784,0,0,1,0,0,0,1,4
1122,784,0,0,1,0,0,0,1,4
1123,784,0,0,1,0,0,0,1,4
1124,784,0,0,1,0,0,0,1,4
1125,784,0,0,1,0,0,0,1,4
1126,784,0,0,1,0,0,0,1,4
1127,784,0,0,1,0,0,0,1,4
1128,784,0,0,1,0,0,0,1,4
1129,784,0,0,1,0,0,0,1,4
1130,784,0,0,1,0,0,0,1,4
1131,784,0,0,1,0,0,0,1,4
1132,784,0,0,1,0,0,0,1,4
1133,784,0,0,1,0,0,0,1,4
1134,784,0,0,1,0,0,0,1,4
1135,784,0,0,1,0,0,0,1,4
1136,784,0,0,1,0,0,0,1,4
1137,784,0,0,1,0,0,0,1,4
1138,784,0,0,1,0,0,0,1,4
1139,784,0,0,1,0,0,0,1,4
1140,784,0,0,1,0,0,0,1,4
1141,784,0,0,1,0,0,0,1,4
1142,784,0,0,1,0,0,0,1,4
1143,784,0,0,1,0,0,0,1,4
1144,784,0,0,1,0,0,0,1,4
1145,784,0,0,1,0,0,0,1,4
1146,784,0,0,1,0,0,0,1,5
1147,784,0,0,1,0,0,0,1,5
1148,784,0,0,1,0,0,0,1,5
1149,784,0,0,1,0,0,0,1,5
1150,784,0,0,1,0,0,0,1,5
1151,784,0,0,1,0,0,0,1,5
1152,784,0,0,1,0,0,0,1,5
1153,784,0,0,1,0,0,0,1,5
1154,784,0,0,1,0,0,0,1,5
1155,784,0,0,1,0,0,0,1,5
1156,784,0,0,1,0,0,0,1,5
1157,784,0,0,1,0,0,0,1,5
1158,784,0,0,1,0,0,0,1,5
1159,784,0,0,1,0,0,0,1,5
1160,784,0,0,1,0,0,0,1,5
1161,784,0,0,1,0,0,0,1,5
1162,784,0,0,1,0,0,0,1,5
1163,784,0,0,1,0,0,0,1,5
1164,784,0,0,1,0,0,0,1,5
1165,784,0,0,1,0,0,0,1,5
1166,784,0,0,1,0,0,0,1,5
1167,784,0,0,1,0,0,0,1,5
1168,784,0,0,1,0,0,0,1,5
1169,784,0,0,1,0,0,0,1,5
1170,784,0,0,1,0,0,0,1,5
1171,784,0,0,1,0,0,0,1,5
1172,784,0,0,1,0,0,0,1,5
1173,784,0,0,1,0,0,0,1,5
1174,784,0,0,1,0,0,0,1,5
1175,784,0,0,1,0,0,0,1,5
1176,784,0,0,1,0,0,0,1,5
1177,784,0,0,1,0,0,0,1,5
1178,784,0,0,1,0,0,0,1,5
1179,784,0,0,1,0,0,0,1,5
1180,784,0,0,1,0,0,0,1,5
1181,784,0,0,1,0,0,0,1,5
1182,784,0,0,1,0,0,0,1,5
1183,784,0,0,1,0,0,0,1,5
1184,784,0,0,1,0,0,0,1,5
1185,784,0,0,1,0,0,0,1,5
1186,784,0,0,1,0,0,0,1,5
1187,784,0,0,1,0,0,0,1,5
1188,784,0,0,1,0,0,0,1,5
1189,784,0,0,1,0,0,0,1,5
1190,784,0,0,1,0,0,0,1,5
1191,784,0,0,1,0,0,0,1,5
1192,784,0,0,1,0,0,0,1,5
1193,784,0,0,1,0,0,0,1,5
1194,784,0,0,1,0,0,0,1,5
1195,784,0,0,1,0,0,0,1,5
1196,784,0,0,1,0,0,0,1,5
1197,784,0,0,1,0,0,0,1,5
1198,784,0,0,1,0,0,0,1,5
1199,784,0,0,1,0,0,0,1,5
1200,784,0,0,1,0,0,0,1,5
1201,784,0,0,1,0,0,0,1,5
1202,784,0,0,1,0,0,0,1,5
1203,784,0,0,1,0,0,0,1,5
1204,784,0,0,1,0,0,0,1,5
1205,784,0,0,1,0,0,0,1,5
1206,784,0,0,1,0,0,0,1,5
1207,784,0,0,1,0,0,0,1,5
1208,784,0,0,1,0,0,0,1,5
1209,784,0,0,1,0,0,0,1,5
1210,784,0,0,1,0,0,0,1,5
1211,784,0,0,1,0,0,0,1,5
1212,784,0,0,1,0,0,0,1,5
1213,784,0,0,1,0,0,0,1,5
1214,784,0,0,1,0,0,0,1,5
1215,784,0,0,1,0,0,0,1,5
1216,784,0,0,1,0,0,0,1,5
1217,784,0,0,1,0,0,0,1,5
1218,784,0,0,1,0,0,0,1,5
1219,784,0,0,1,0,0,0,1,5
1220,784,0,0,1,0,0,0,1,5
1221,784,0,0,1,0,0,0,1,6
1222,784,0,0,1,0,0,0,1,7
1223,784,0,0,1,0,0,0,1,7
1224,784,0,0,1,0,0,0,1,7
1225,784,0,0,1,0,0,0,1,7
1226,784,0,0,1,0,0,0,1,7
1227,784,0,0,1,0,0,0,1,7
1228,784,0,0,1,0,0,0,1,7
1229,784,0,0,1,0,0,0,1,7
1230,784,0,0,1,0,0,0,1,7
1231,784,0,0,1,0,0,0,1,7
1232,784,0,0,1,0,0,0,1,7
1233,784,0,0,1,0,0,0,1,7
1234,784,0,0,1,0,0,0,1,7
1235,784,0,0,1,0,0,0,1,7
1236,784,0,0,1,0,0,0,1,7
1237,784,0,0,1,0,0,0,1,7
1238,784,0,0,1,0,0,0,1,7
1239,784,0,0,1,0,0,0,1,7
1240,784,0,0,1,0,0,0,1,7
1241,784,0,0,1,0,0,0,1,7
1242,784,0,0,1,0,0,0,1,7
1243,784,0,0,1,0,0,0,1,7
1244,784,0,0,1,0,0,0,1,7
1245,784,0,0,1,0,0,0,1,7
1246,784,0,0,1,0,0,0,1,7
1247,784,0,0,1,0,0,0,1,7
1248,784,0,0,1,0,0,0,1,7
1249,784,0,0,1,0,0,0,1,7
1250,784,0,0,1,0,0,0,1,7
1251,784,0,0,1,0,0,0,1,7
1252,784,0,0,1,0,0,0,1,7
1253,784,0,0,1,0,0,0,1,7
1254,784,0,0,1,0,0,0,1,7
1255,784,0,0,1,0,0,0,1,7
1256,784,0,0,1,0,0,0,1,7
1257,784,0,0,1,0,0,0,1,7
1258,784,0,0,1,0,0,0,1,7
1259,784,0,0,1,0,0,0,1,7
1260,784,0,0,1,0,0,0,1,7
1261,784,0,0,1,0,0,0,1,7
1262,784,0,0,1,0,0,0,1,7
1263,784,0,0,1,0,0,0,1,7
1264,784,0,0,1,0,0,0,1,7
1265,784,0,0,1,0,0,0,1,7
1266,784,0,0,1,0,0,0,1,7
1267,784,0,0,1,0,0,0,1,7
1268,784,0,0,1,0,0,0,1,7
1269,784,0,0,1,0,0,0,1,7
1270,784,0,0,1,0,0,0,1,7
1271,784,0,0,1,0,0,0,1,7
1272,784,0,0,1,0,0,0,1,7
1273,784,0,0,1,0,0,0,1,7
1274,784,0,0,1,0,0,0,1,7
1275,784,0,0,1,0,0,0,1,7
1276,784,0,0,1,0,0,0,1,7
1277,784,0,0,1,0,0,0,1,7
1278,784,0,0,1,0,0,0,1,7
1279,784,0,0,1,0,0,0,1,7
1280,784,0,0,1,0,0,0,1,7
1281,784,0,0,1,0,0,0,1,7
1282,784,0,0,1,0,0,0,1,7
1283,784,0,0,1,0,0,0,1,7
1284,784,0,0,1,0,0,0,1,7
1285,784,0,0,1,0,0,0,1,7
1286,784,0,0,1,0,0,0,1,7
1287,784,0,0,1,0,0,0,1,7
1288,784,0,0,1,0,0,0,1,7
1289,784,0,0,1,0,0,0,1,7
1290,784,0,0,1,0,0,0,1,7
1291,784,0,0,1,0,0,0,1,7
1292,784,0,0,1,0,0,0,1,7
1293,784,0,0,1,0,0,0,1,7
1294,784,0,0,1,0,0,0,1,7
1295,784,0,0,1,0,0,0,1,7
1296,784,0,0,1,0,0,0,1,7
1297,784,0,0,1,0,0,0,1,7
1298,784,0,0,1,0,0,0,1,7
1299,784,0,0,1,0,0,0,1,7
1300,784,0,0,1,0,0,0,1,7
1301,784,0,0,1,0,0,0,1,7
1302,784,0,0,1,0,0,0,1,7
1303,784,0,0,1,0,0,0,1,8
