cycle,state,pixel_count,image_ready,frame_write_valid,frame_write_ready,frame_write_pointer,frame_full,frame_read_active,frame_read_pointer,frame_read_valid,frame_read_ready,core_output_transfer,core_output_channel,spatial_index
0,x,x,x,x,x,x,x,x,x,x,x,x,x,x
0,1,0,0,0,1,0,0,0,0,0,0,0,x,0
1,2,0,1,0,1,0,0,0,0,0,0,0,x,0
2,2,1,1,0,1,0,0,0,0,0,0,0,x,0
3,2,2,1,0,1,0,0,0,0,0,0,0,x,0
4,2,3,1,0,1,0,0,0,0,0,0,0,x,0
5,2,4,1,0,1,0,0,0,0,0,0,0,x,0
6,2,5,1,0,1,0,0,0,0,0,0,0,x,0
7,2,6,1,0,1,0,0,0,0,0,0,0,x,0
8,2,7,1,0,1,0,0,0,0,0,0,0,x,0
9,2,8,1,0,1,0,0,0,0,0,0,0,x,0
10,2,9,1,0,1,0,0,0,0,0,0,0,x,0
11,2,10,1,0,1,0,0,0,0,0,0,0,x,0
12,2,11,1,0,1,0,0,0,0,0,0,0,x,0
13,2,12,1,0,1,0,0,0,0,0,0,0,x,0
14,2,13,1,0,1,0,0,0,0,0,0,0,x,0
15,2,14,1,0,1,0,0,0,0,0,0,0,x,0
16,2,15,1,0,1,0,0,0,0,0,0,0,x,0
17,2,16,1,0,1,0,0,0,0,0,0,0,x,0
18,2,17,1,0,1,0,0,0,0,0,0,0,x,0
19,2,18,1,0,1,0,0,0,0,0,0,0,x,0
20,2,19,1,0,1,0,0,0,0,0,0,0,x,0
21,2,20,1,0,1,0,0,0,0,0,0,0,x,0
22,2,21,1,0,1,0,0,0,0,0,0,0,x,0
23,2,22,1,0,1,0,0,0,0,0,0,0,x,0
24,2,23,1,0,1,0,0,0,0,0,0,0,x,0
25,2,24,1,0,1,0,0,0,0,0,0,0,x,0
26,2,25,1,0,1,0,0,0,0,0,0,0,x,0
27,2,26,1,0,1,0,0,0,0,0,0,0,x,0
28,2,27,1,0,1,0,0,0,0,0,0,0,x,0
29,2,28,1,0,1,0,0,0,0,0,0,0,x,0
30,2,29,1,0,1,0,0,0,0,0,0,0,x,0
31,2,30,1,0,1,0,0,0,0,0,0,0,x,0
32,2,31,1,0,1,0,0,0,0,0,0,0,x,0
33,2,32,1,0,1,0,0,0,0,0,0,0,x,0
34,2,33,1,0,1,0,0,0,0,0,0,0,x,0
35,2,34,1,0,1,0,0,0,0,0,0,0,x,0
36,2,35,1,0,1,0,0,0,0,0,0,0,x,0
37,2,36,1,0,1,0,0,0,0,0,0,0,x,0
38,2,37,1,0,1,0,0,0,0,0,0,0,x,0
39,2,38,1,0,1,0,0,0,0,0,0,0,x,0
40,2,39,1,0,1,0,0,0,0,0,0,0,x,0
41,2,40,1,0,1,0,0,0,0,0,0,0,x,0
42,2,41,1,0,1,0,0,0,0,0,0,0,x,0
43,2,42,1,0,1,0,0,0,0,0,0,0,x,0
44,2,43,1,0,1,0,0,0,0,0,0,0,x,0
45,2,44,1,0,1,0,0,0,0,0,0,0,x,0
46,2,45,1,0,1,0,0,0,0,0,0,0,x,0
47,2,46,1,0,1,0,0,0,0,0,0,0,x,0
48,2,47,1,0,1,0,0,0,0,0,0,0,x,0
49,2,48,1,0,1,0,0,0,0,0,0,0,x,0
50,2,49,1,0,1,0,0,0,0,0,0,0,x,0
51,2,50,1,0,1,0,0,0,0,0,0,0,x,0
52,2,51,1,0,1,0,0,0,0,0,0,0,x,0
53,2,52,1,0,1,0,0,0,0,0,0,0,x,0
54,2,53,1,0,1,0,0,0,0,0,0,0,x,0
55,2,54,1,0,1,0,0,0,0,0,0,0,x,0
56,2,55,1,0,1,0,0,0,0,0,0,0,x,0
57,2,56,1,0,1,0,0,0,0,0,0,0,x,0
58,2,57,1,0,1,0,0,0,0,0,0,0,x,0
59,2,58,1,0,1,0,0,0,0,0,0,0,x,0
60,2,59,1,0,1,0,0,0,0,0,0,0,x,0
61,2,60,1,0,1,0,0,0,0,0,0,0,x,0
62,2,61,1,0,1,0,0,0,0,0,0,0,x,0
63,2,62,1,0,1,0,0,0,0,0,0,0,x,0
64,2,63,1,0,1,0,0,0,0,0,0,0,x,0
65,2,64,1,0,1,0,0,0,0,0,0,0,x,0
66,2,65,1,0,1,0,0,0,0,0,0,0,x,0
67,2,66,1,0,1,0,0,0,0,0,0,0,x,0
68,2,67,1,0,1,0,0,0,0,0,0,0,x,0
69,2,68,1,0,1,0,0,0,0,0,0,0,x,0
70,2,69,1,0,1,0,0,0,0,0,0,0,x,0
71,2,70,1,0,1,0,0,0,0,0,0,0,x,0
72,2,71,1,0,1,0,0,0,0,0,0,0,x,0
73,2,72,1,0,1,0,0,0,0,0,0,0,x,0
74,2,73,1,0,1,0,0,0,0,0,0,0,x,0
75,2,74,1,0,1,0,0,0,0,0,0,0,x,0
76,2,75,1,0,1,0,0,0,0,0,0,0,x,0
77,2,76,1,0,1,0,0,0,0,0,0,0,x,0
78,2,77,1,0,1,0,0,0,0,0,0,0,x,0
79,2,78,1,0,1,0,0,0,0,0,0,0,x,0
80,2,79,1,0,1,0,0,0,0,0,0,0,x,0
81,2,80,1,0,1,0,0,0,0,0,0,0,x,0
82,2,81,1,0,1,0,0,0,0,0,0,0,x,0
83,2,82,1,0,1,0,0,0,0,0,0,0,x,0
84,2,83,1,0,1,0,0,0,0,0,0,0,x,0
85,2,84,1,0,1,0,0,0,0,0,0,0,x,0
86,2,85,1,0,1,0,0,0,0,0,0,0,x,0
87,2,86,1,0,1,0,0,0,0,0,0,0,x,0
88,2,87,1,0,1,0,0,0,0,0,0,0,x,0
89,2,88,1,0,1,0,0,0,0,0,0,0,x,0
90,2,89,1,0,1,0,0,0,0,0,0,0,x,0
91,2,90,1,0,1,0,0,0,0,0,0,0,x,0
92,2,91,1,0,1,0,0,0,0,0,0,0,x,0
93,2,92,1,0,1,0,0,0,0,0,0,0,x,0
94,2,93,1,0,1,0,0,0,0,0,0,0,x,0
95,2,94,1,0,1,0,0,0,0,0,0,0,x,0
96,2,95,1,0,1,0,0,0,0,0,0,0,x,0
97,2,96,1,0,1,0,0,0,0,0,0,0,x,0
98,2,97,1,0,1,0,0,0,0,0,0,0,x,0
99,2,98,1,0,1,0,0,0,0,0,0,0,x,0
100,2,99,1,0,1,0,0,0,0,0,0,0,x,0
101,2,100,1,0,1,0,0,0,0,0,0,1,0,0
102,2,101,1,0,1,0,0,0,0,0,0,1,1,0
103,2,102,1,0,1,0,0,0,0,0,0,1,2,0
104,2,103,1,0,1,0,0,0,0,0,0,1,0,1
105,2,104,1,0,1,0,0,0,0,0,0,1,1,1
106,2,105,1,0,1,0,0,0,0,0,0,1,2,1
107,2,106,1,0,1,0,0,0,0,0,0,1,0,2
108,2,107,1,0,1,0,0,0,0,0,0,1,1,2
109,2,108,1,0,1,0,0,0,0,0,0,1,2,2
110,2,109,1,0,1,0,0,0,0,0,0,1,0,3
111,2,110,1,0,1,0,0,0,0,0,0,1,1,3
112,2,111,1,0,1,0,0,0,0,0,0,1,2,3
113,2,112,1,0,1,0,0,0,0,0,0,1,0,4
114,2,113,1,0,1,0,0,0,0,0,0,1,1,4
115,2,114,1,0,1,0,0,0,0,0,0,1,2,4
116,2,115,1,0,1,0,0,0,0,0,0,1,0,5
117,2,116,1,0,1,0,0,0,0,0,0,1,1,5
118,2,117,1,0,1,0,0,0,0,0,0,1,2,5
119,2,118,1,0,1,0,0,0,0,0,0,1,0,6
120,2,119,1,0,1,0,0,0,0,0,0,1,1,6
121,2,120,1,0,1,0,0,0,0,0,0,1,2,6
122,2,121,1,0,1,0,0,0,0,0,0,1,0,7
123,2,122,1,0,1,0,0,0,0,0,0,1,1,7
124,2,123,1,0,1,0,0,0,0,0,0,1,2,7
125,2,124,1,0,1,0,0,0,0,0,0,1,0,8
126,2,125,1,0,1,0,0,0,0,0,0,1,1,8
127,2,126,1,0,1,0,0,0,0,0,0,1,2,8
128,2,127,1,0,1,0,0,0,0,0,0,1,0,9
129,2,128,1,0,1,0,0,0,0,0,0,1,1,9
130,2,129,1,0,1,0,0,0,0,0,0,1,2,9
131,2,130,1,0,1,0,0,0,0,0,0,1,0,10
132,2,131,1,0,1,0,0,0,0,0,0,1,1,10
133,2,132,1,0,1,0,0,0,0,0,0,1,2,10
134,2,133,1,0,1,0,0,0,0,0,0,1,0,11
135,2,134,1,0,1,0,0,0,0,0,0,1,1,11
136,2,135,1,0,1,0,0,0,0,0,0,1,2,11
137,2,136,1,0,1,0,0,0,0,0,0,1,0,12
138,2,137,1,0,1,0,0,0,0,0,0,1,1,12
139,2,138,1,0,1,0,0,0,0,0,0,1,2,12
140,2,139,1,0,1,0,0,0,0,0,0,0,2,13
141,2,140,1,0,1,0,0,0,0,0,0,0,2,13
142,2,141,1,0,1,0,0,0,0,0,0,0,2,13
143,2,142,1,0,1,0,0,0,0,0,0,0,2,13
144,2,143,1,0,1,0,0,0,0,0,0,0,2,13
145,2,144,1,0,1,0,0,0,0,0,0,0,2,13
146,2,145,1,0,1,0,0,0,0,0,0,0,2,13
147,2,146,1,0,1,0,0,0,0,0,0,0,2,13
148,2,147,1,0,1,0,0,0,0,0,0,0,2,13
149,2,148,1,0,1,0,0,0,0,0,0,0,2,13
150,2,149,1,0,1,0,0,0,0,0,0,0,2,13
151,2,150,1,0,1,0,0,0,0,0,0,0,2,13
152,2,151,1,0,1,0,0,0,0,0,0,0,2,13
153,2,152,1,0,1,0,0,0,0,0,0,0,2,13
154,2,153,1,0,1,0,0,0,0,0,0,0,2,13
155,2,154,1,0,1,0,0,0,0,0,0,0,2,13
156,2,155,1,0,1,0,0,0,0,0,0,0,2,13
157,2,156,1,0,1,0,0,0,0,0,0,1,0,13
158,2,157,1,0,1,0,0,0,0,0,0,1,1,13
159,2,158,1,0,1,0,0,0,0,0,0,1,2,13
160,2,159,1,0,1,0,0,0,0,0,0,1,0,14
161,2,160,1,0,1,0,0,0,0,0,0,1,1,14
162,2,161,1,0,1,0,0,0,0,0,0,1,2,14
163,2,162,1,0,1,0,0,0,0,0,0,1,0,15
164,2,163,1,0,1,0,0,0,0,0,0,1,1,15
165,2,164,1,0,1,0,0,0,0,0,0,1,2,15
166,2,165,1,0,1,0,0,0,0,0,0,1,0,16
167,2,166,1,0,1,0,0,0,0,0,0,1,1,16
168,2,167,1,0,1,0,0,0,0,0,0,1,2,16
169,2,168,1,0,1,0,0,0,0,0,0,1,0,17
170,2,169,1,0,1,0,0,0,0,0,0,1,1,17
171,2,170,1,0,1,0,0,0,0,0,0,1,2,17
172,2,171,1,0,1,0,0,0,0,0,0,1,0,18
173,2,172,1,0,1,0,0,0,0,0,0,1,1,18
174,2,173,1,0,1,0,0,0,0,0,0,1,2,18
175,2,174,1,0,1,0,0,0,0,0,0,1,0,19
176,2,175,1,0,1,0,0,0,0,0,0,1,1,19
177,2,176,1,0,1,0,0,0,0,0,0,1,2,19
178,2,177,1,0,1,0,0,0,0,0,0,1,0,20
179,2,178,1,0,1,0,0,0,0,0,0,1,1,20
180,2,179,1,0,1,0,0,0,0,0,0,1,2,20
181,2,180,1,0,1,0,0,0,0,0,0,1,0,21
182,2,181,1,0,1,0,0,0,0,0,0,1,1,21
183,2,182,1,0,1,0,0,0,0,0,0,1,2,21
184,2,183,1,0,1,0,0,0,0,0,0,1,0,22
185,2,184,1,0,1,0,0,0,0,0,0,1,1,22
186,2,185,1,0,1,0,0,0,0,0,0,1,2,22
187,2,186,1,0,1,0,0,0,0,0,0,1,0,23
188,2,187,1,0,1,0,0,0,0,0,0,1,1,23
189,2,188,1,0,1,0,0,0,0,0,0,1,2,23
190,2,189,1,0,1,0,0,0,0,0,0,1,0,24
191,2,190,1,0,1,0,0,0,0,0,0,1,1,24
192,2,191,1,0,1,0,0,0,0,0,0,1,2,24
193,2,192,1,0,1,0,0,0,0,0,0,1,0,25
194,2,193,1,0,1,0,0,0,0,0,0,1,1,25
195,2,194,1,0,1,0,0,0,0,0,0,1,2,25
196,2,195,1,0,1,0,0,0,0,0,0,0,2,26
197,2,196,1,0,1,0,0,0,0,0,0,0,2,26
198,2,197,1,0,1,0,0,0,0,0,0,0,2,26
199,2,198,1,0,1,0,0,0,0,0,0,0,2,26
200,2,199,1,0,1,0,0,0,0,0,0,0,2,26
201,2,200,1,0,1,0,0,0,0,0,0,0,2,26
202,2,201,1,0,1,0,0,0,0,0,0,0,2,26
203,2,202,1,0,1,0,0,0,0,0,0,0,2,26
204,2,203,1,0,1,0,0,0,0,0,0,0,2,26
205,2,204,1,0,1,0,0,0,0,0,0,0,2,26
206,2,205,1,0,1,0,0,0,0,0,0,0,2,26
207,2,206,1,0,1,0,0,0,0,0,0,0,2,26
208,2,207,1,0,1,0,0,0,0,0,0,0,2,26
209,2,208,1,0,1,0,0,0,0,0,0,0,2,26
210,2,209,1,0,1,0,0,0,0,0,0,0,2,26
211,2,210,1,0,1,0,0,0,0,0,0,0,2,26
212,2,211,1,0,1,0,0,0,0,0,0,0,2,26
213,2,212,1,0,1,0,0,0,0,0,0,1,0,26
214,2,213,1,0,1,0,0,0,0,0,0,1,1,26
215,2,214,1,0,1,0,0,0,0,0,0,1,2,26
216,2,215,1,0,1,0,0,0,0,0,0,1,0,27
217,2,216,1,0,1,0,0,0,0,0,0,1,1,27
218,2,217,1,0,1,0,0,0,0,0,0,1,2,27
219,2,218,1,0,1,0,0,0,0,0,0,1,0,28
220,2,219,1,0,1,0,0,0,0,0,0,1,1,28
221,2,220,1,0,1,0,0,0,0,0,0,1,2,28
222,2,221,1,0,1,0,0,0,0,0,0,1,0,29
223,2,222,1,0,1,0,0,0,0,0,0,1,1,29
224,2,223,1,0,1,0,0,0,0,0,0,1,2,29
225,2,224,1,0,1,0,0,0,0,0,0,1,0,30
226,2,225,1,0,1,0,0,0,0,0,0,1,1,30
227,2,226,1,0,1,0,0,0,0,0,0,1,2,30
228,2,227,1,0,1,0,0,0,0,0,0,1,0,31
229,2,228,1,0,1,0,0,0,0,0,0,1,1,31
230,2,229,1,0,1,0,0,0,0,0,0,1,2,31
231,2,230,1,0,1,0,0,0,0,0,0,1,0,32
232,2,231,1,0,1,0,0,0,0,0,0,1,1,32
233,2,232,1,0,1,0,0,0,0,0,0,1,2,32
234,2,233,1,0,1,0,0,0,0,0,0,1,0,33
235,2,234,1,0,1,0,0,0,0,0,0,1,1,33
236,2,235,1,0,1,0,0,0,0,0,0,1,2,33
237,2,236,1,0,1,0,0,0,0,0,0,1,0,34
238,2,237,1,0,1,0,0,0,0,0,0,1,1,34
239,2,238,1,0,1,0,0,0,0,0,0,1,2,34
240,2,239,1,0,1,0,0,0,0,0,0,1,0,35
241,2,240,1,0,1,0,0,0,0,0,0,1,1,35
242,2,241,1,0,1,0,0,0,0,0,0,1,2,35
243,2,242,1,0,1,0,0,0,0,0,0,1,0,36
244,2,243,1,0,1,0,0,0,0,0,0,1,1,36
245,2,244,1,0,1,0,0,0,0,0,0,1,2,36
246,2,245,1,0,1,0,0,0,0,0,0,1,0,37
247,2,246,1,0,1,0,0,0,0,0,0,1,1,37
248,2,247,1,0,1,0,0,0,0,0,0,1,2,37
249,2,248,1,0,1,0,0,0,0,0,0,1,0,38
250,2,249,1,0,1,0,0,0,0,0,0,1,1,38
251,2,250,1,0,1,0,0,0,0,0,0,1,2,38
252,2,251,1,0,1,0,0,0,0,0,0,0,2,39
253,2,252,1,0,1,0,0,0,0,0,0,0,2,39
254,2,253,1,0,1,0,0,0,0,0,0,0,2,39
255,2,254,1,0,1,0,0,0,0,0,0,0,2,39
256,2,255,1,0,1,0,0,0,0,0,0,0,2,39
257,2,256,1,0,1,0,0,0,0,0,0,0,2,39
258,2,257,1,0,1,0,0,0,0,0,0,0,2,39
259,2,258,1,0,1,0,0,0,0,0,0,0,2,39
260,2,259,1,0,1,0,0,0,0,0,0,0,2,39
261,2,260,1,0,1,0,0,0,0,0,0,0,2,39
262,2,261,1,0,1,0,0,0,0,0,0,0,2,39
263,2,262,1,0,1,0,0,0,0,0,0,0,2,39
264,2,263,1,0,1,0,0,0,0,0,0,0,2,39
265,2,264,1,0,1,0,0,0,0,0,0,0,2,39
266,2,265,1,0,1,0,0,0,0,0,0,0,2,39
267,2,266,1,0,1,0,0,0,0,0,0,0,2,39
268,2,267,1,0,1,0,0,0,0,0,0,0,2,39
269,2,268,1,0,1,0,0,0,0,0,0,1,0,39
270,2,269,1,0,1,0,0,0,0,0,0,1,1,39
271,2,270,1,0,1,0,0,0,0,0,0,1,2,39
272,2,271,1,0,1,0,0,0,0,0,0,1,0,40
273,2,272,1,0,1,0,0,0,0,0,0,1,1,40
274,2,273,1,0,1,0,0,0,0,0,0,1,2,40
275,2,274,1,0,1,0,0,0,0,0,0,1,0,41
276,2,275,1,0,1,0,0,0,0,0,0,1,1,41
277,2,276,1,0,1,0,0,0,0,0,0,1,2,41
278,2,277,1,0,1,0,0,0,0,0,0,1,0,42
279,2,278,1,0,1,0,0,0,0,0,0,1,1,42
280,2,279,1,0,1,0,0,0,0,0,0,1,2,42
281,2,280,1,0,1,0,0,0,0,0,0,1,0,43
282,2,281,1,0,1,0,0,0,0,0,0,1,1,43
283,2,282,1,1,1,0,0,0,0,0,0,1,2,43
284,2,283,1,0,1,1,0,0,0,0,0,1,0,44
285,2,284,1,0,1,1,0,0,0,0,0,1,1,44
286,2,285,1,1,1,1,0,0,0,0,0,1,2,44
287,2,286,1,0,1,2,0,0,0,0,0,1,0,45
288,2,287,1,0,1,2,0,0,0,0,0,1,1,45
289,2,288,1,1,1,2,0,0,0,0,0,1,2,45
290,2,289,1,0,1,3,0,0,0,0,0,1,0,46
291,2,290,1,0,1,3,0,0,0,0,0,1,1,46
292,2,291,1,1,1,3,0,0,0,0,0,1,2,46
293,2,292,1,0,1,4,0,0,0,0,0,1,0,47
294,2,293,1,0,1,4,0,0,0,0,0,1,1,47
295,2,294,1,1,1,4,0,0,0,0,0,1,2,47
296,2,295,1,0,1,5,0,0,0,0,0,1,0,48
297,2,296,1,0,1,5,0,0,0,0,0,1,1,48
298,2,297,1,1,1,5,0,0,0,0,0,1,2,48
299,2,298,1,0,1,6,0,0,0,0,0,1,0,49
300,2,299,1,0,1,6,0,0,0,0,0,1,1,49
301,2,300,1,1,1,6,0,0,0,0,0,1,2,49
302,2,301,1,0,1,7,0,0,0,0,0,1,0,50
303,2,302,1,0,1,7,0,0,0,0,0,1,1,50
304,2,303,1,1,1,7,0,0,0,0,0,1,2,50
305,2,304,1,0,1,8,0,0,0,0,0,1,0,51
306,2,305,1,0,1,8,0,0,0,0,0,1,1,51
307,2,306,1,0,1,8,0,0,0,0,0,1,2,51
308,2,307,1,0,1,8,0,0,0,0,0,0,2,52
309,2,308,1,0,1,8,0,0,0,0,0,0,2,52
310,2,309,1,0,1,8,0,0,0,0,0,0,2,52
311,2,310,1,0,1,8,0,0,0,0,0,0,2,52
312,2,311,1,0,1,8,0,0,0,0,0,0,2,52
313,2,312,1,0,1,8,0,0,0,0,0,0,2,52
314,2,313,1,0,1,8,0,0,0,0,0,0,2,52
315,2,314,1,0,1,8,0,0,0,0,0,0,2,52
316,2,315,1,0,1,8,0,0,0,0,0,0,2,52
317,2,316,1,0,1,8,0,0,0,0,0,0,2,52
318,2,317,1,0,1,8,0,0,0,0,0,0,2,52
319,2,318,1,0,1,8,0,0,0,0,0,0,2,52
320,2,319,1,0,1,8,0,0,0,0,0,0,2,52
321,2,320,1,0,1,8,0,0,0,0,0,0,2,52
322,2,321,1,0,1,8,0,0,0,0,0,0,2,52
323,2,322,1,0,1,8,0,0,0,0,0,0,2,52
324,2,323,1,0,1,8,0,0,0,0,0,0,2,52
325,2,324,1,0,1,8,0,0,0,0,0,1,0,52
326,2,325,1,0,1,8,0,0,0,0,0,1,1,52
327,2,326,1,1,1,8,0,0,0,0,0,1,2,52
328,2,327,1,0,1,9,0,0,0,0,0,1,0,53
329,2,328,1,0,1,9,0,0,0,0,0,1,1,53
330,2,329,1,1,1,9,0,0,0,0,0,1,2,53
331,2,330,1,0,1,10,0,0,0,0,0,1,0,54
332,2,331,1,0,1,10,0,0,0,0,0,1,1,54
333,2,332,1,1,1,10,0,0,0,0,0,1,2,54
334,2,333,1,0,1,11,0,0,0,0,0,1,0,55
335,2,334,1,0,1,11,0,0,0,0,0,1,1,55
336,2,335,1,1,1,11,0,0,0,0,0,1,2,55
337,2,336,1,0,1,12,0,0,0,0,0,1,0,56
338,2,337,1,0,1,12,0,0,0,0,0,1,1,56
339,2,338,1,1,1,12,0,0,0,0,0,1,2,56
340,2,339,1,0,1,13,0,0,0,0,0,1,0,57
341,2,340,1,0,1,13,0,0,0,0,0,1,1,57
342,2,341,1,1,1,13,0,0,0,0,0,1,2,57
343,2,342,1,0,1,14,0,0,0,0,0,1,0,58
344,2,343,1,0,1,14,0,0,0,0,0,1,1,58
345,2,344,1,1,1,14,0,0,0,0,0,1,2,58
346,2,345,1,0,1,15,0,0,0,0,0,1,0,59
347,2,346,1,0,1,15,0,0,0,0,0,1,1,59
348,2,347,1,1,1,15,0,0,0,0,0,1,2,59
349,2,348,1,0,1,16,0,0,0,0,0,1,0,60
350,2,349,1,0,1,16,0,0,0,0,0,1,1,60
351,2,350,1,1,1,16,0,0,0,0,0,1,2,60
352,2,351,1,0,1,17,0,0,0,0,0,1,0,61
353,2,352,1,0,1,17,0,0,0,0,0,1,1,61
354,2,353,1,1,1,17,0,0,0,0,0,1,2,61
355,2,354,1,0,1,18,0,0,0,0,0,1,0,62
356,2,355,1,0,1,18,0,0,0,0,0,1,1,62
357,2,356,1,1,1,18,0,0,0,0,0,1,2,62
358,2,357,1,0,1,19,0,0,0,0,0,1,0,63
359,2,358,1,0,1,19,0,0,0,0,0,1,1,63
360,2,359,1,1,1,19,0,0,0,0,0,1,2,63
361,2,360,1,0,1,20,0,0,0,0,0,1,0,64
362,2,361,1,0,1,20,0,0,0,0,0,1,1,64
363,2,362,1,0,1,20,0,0,0,0,0,1,2,64
364,2,363,1,0,1,20,0,0,0,0,0,0,2,65
365,2,364,1,0,1,20,0,0,0,0,0,0,2,65
366,2,365,1,0,1,20,0,0,0,0,0,0,2,65
367,2,366,1,0,1,20,0,0,0,0,0,0,2,65
368,2,367,1,0,1,20,0,0,0,0,0,0,2,65
369,2,368,1,0,1,20,0,0,0,0,0,0,2,65
370,2,369,1,0,1,20,0,0,0,0,0,0,2,65
371,2,370,1,0,1,20,0,0,0,0,0,0,2,65
372,2,371,1,0,1,20,0,0,0,0,0,0,2,65
373,2,372,1,0,1,20,0,0,0,0,0,0,2,65
374,2,373,1,0,1,20,0,0,0,0,0,0,2,65
375,2,374,1,0,1,20,0,0,0,0,0,0,2,65
376,2,375,1,0,1,20,0,0,0,0,0,0,2,65
377,2,376,1,0,1,20,0,0,0,0,0,0,2,65
378,2,377,1,0,1,20,0,0,0,0,0,0,2,65
379,2,378,1,0,1,20,0,0,0,0,0,0,2,65
380,2,379,1,0,1,20,0,0,0,0,0,0,2,65
381,2,380,1,0,1,20,0,0,0,0,0,1,0,65
382,2,381,1,0,1,20,0,0,0,0,0,1,1,65
383,2,382,1,1,1,20,0,0,0,0,0,1,2,65
384,2,383,1,0,1,21,0,0,0,0,0,1,0,66
385,2,384,1,0,1,21,0,0,0,0,0,1,1,66
386,2,385,1,1,1,21,0,0,0,0,0,1,2,66
387,2,386,1,0,1,22,0,0,0,0,0,1,0,67
388,2,387,1,0,1,22,0,0,0,0,0,1,1,67
389,2,388,1,1,1,22,0,0,0,0,0,1,2,67
390,2,389,1,0,1,23,0,0,0,0,0,1,0,68
391,2,390,1,0,1,23,0,0,0,0,0,1,1,68
392,2,391,1,1,1,23,0,0,0,0,0,1,2,68
393,2,392,1,0,1,24,0,0,0,0,0,1,0,69
394,2,393,1,0,1,24,0,0,0,0,0,1,1,69
395,2,394,1,1,1,24,0,0,0,0,0,1,2,69
396,2,395,1,0,1,25,0,0,0,0,0,1,0,70
397,2,396,1,0,1,25,0,0,0,0,0,1,1,70
398,2,397,1,1,1,25,0,0,0,0,0,1,2,70
399,2,398,1,0,1,26,0,0,0,0,0,1,0,71
400,2,399,1,0,1,26,0,0,0,0,0,1,1,71
401,2,400,1,1,1,26,0,0,0,0,0,1,2,71
402,2,401,1,0,1,27,0,0,0,0,0,1,0,72
403,2,402,1,0,1,27,0,0,0,0,0,1,1,72
404,2,403,1,1,1,27,0,0,0,0,0,1,2,72
405,2,404,1,0,1,28,0,0,0,0,0,1,0,73
406,2,405,1,0,1,28,0,0,0,0,0,1,1,73
407,2,406,1,1,1,28,0,0,0,0,0,1,2,73
408,2,407,1,0,1,29,0,0,0,0,0,1,0,74
409,2,408,1,0,1,29,0,0,0,0,0,1,1,74
410,2,409,1,1,1,29,0,0,0,0,0,1,2,74
411,2,410,1,0,1,30,0,0,0,0,0,1,0,75
412,2,411,1,0,1,30,0,0,0,0,0,1,1,75
413,2,412,1,1,1,30,0,0,0,0,0,1,2,75
414,2,413,1,0,1,31,0,0,0,0,0,1,0,76
415,2,414,1,0,1,31,0,0,0,0,0,1,1,76
416,2,415,1,1,1,31,0,0,0,0,0,1,2,76
417,2,416,1,0,1,32,0,0,0,0,0,1,0,77
418,2,417,1,0,1,32,0,0,0,0,0,1,1,77
419,2,418,1,0,1,32,0,0,0,0,0,1,2,77
420,2,419,1,0,1,32,0,0,0,0,0,0,2,78
421,2,420,1,0,1,32,0,0,0,0,0,0,2,78
422,2,421,1,0,1,32,0,0,0,0,0,0,2,78
423,2,422,1,0,1,32,0,0,0,0,0,0,2,78
424,2,423,1,0,1,32,0,0,0,0,0,0,2,78
425,2,424,1,0,1,32,0,0,0,0,0,0,2,78
426,2,425,1,0,1,32,0,0,0,0,0,0,2,78
427,2,426,1,0,1,32,0,0,0,0,0,0,2,78
428,2,427,1,0,1,32,0,0,0,0,0,0,2,78
429,2,428,1,0,1,32,0,0,0,0,0,0,2,78
430,2,429,1,0,1,32,0,0,0,0,0,0,2,78
431,2,430,1,0,1,32,0,0,0,0,0,0,2,78
432,2,431,1,0,1,32,0,0,0,0,0,0,2,78
433,2,432,1,0,1,32,0,0,0,0,0,0,2,78
434,2,433,1,0,1,32,0,0,0,0,0,0,2,78
435,2,434,1,0,1,32,0,0,0,0,0,0,2,78
436,2,435,1,0,1,32,0,0,0,0,0,0,2,78
437,2,436,1,0,1,32,0,0,0,0,0,1,0,78
438,2,437,1,0,1,32,0,0,0,0,0,1,1,78
439,2,438,1,1,1,32,0,0,0,0,0,1,2,78
440,2,439,1,0,1,33,0,0,0,0,0,1,0,79
441,2,440,1,0,1,33,0,0,0,0,0,1,1,79
442,2,441,1,1,1,33,0,0,0,0,0,1,2,79
443,2,442,1,0,1,34,0,0,0,0,0,1,0,80
444,2,443,1,0,1,34,0,0,0,0,0,1,1,80
445,2,444,1,1,1,34,0,0,0,0,0,1,2,80
446,2,445,1,0,1,35,0,0,0,0,0,1,0,81
447,2,446,1,0,1,35,0,0,0,0,0,1,1,81
448,2,447,1,1,1,35,0,0,0,0,0,1,2,81
449,2,448,1,0,1,36,0,0,0,0,0,1,0,82
450,2,449,1,0,1,36,0,0,0,0,0,1,1,82
451,2,450,1,1,1,36,0,0,0,0,0,1,2,82
452,2,451,1,0,1,37,0,0,0,0,0,1,0,83
453,2,452,1,0,1,37,0,0,0,0,0,1,1,83
454,2,453,1,1,1,37,0,0,0,0,0,1,2,83
455,2,454,1,0,1,38,0,0,0,0,0,1,0,84
456,2,455,1,0,1,38,0,0,0,0,0,1,1,84
457,2,456,1,1,1,38,0,0,0,0,0,1,2,84
458,2,457,1,0,1,39,0,0,0,0,0,1,0,85
459,2,458,1,0,1,39,0,0,0,0,0,1,1,85
460,2,459,1,1,1,39,0,0,0,0,0,1,2,85
461,2,460,1,0,1,40,0,0,0,0,0,1,0,86
462,2,461,1,0,1,40,0,0,0,0,0,1,1,86
463,2,462,1,1,1,40,0,0,0,0,0,1,2,86
464,2,463,1,0,1,41,0,0,0,0,0,1,0,87
465,2,464,1,0,1,41,0,0,0,0,0,1,1,87
466,2,465,1,1,1,41,0,0,0,0,0,1,2,87
467,2,466,1,0,1,42,0,0,0,0,0,1,0,88
468,2,467,1,0,1,42,0,0,0,0,0,1,1,88
469,2,468,1,1,1,42,0,0,0,0,0,1,2,88
470,2,469,1,0,1,43,0,0,0,0,0,1,0,89
471,2,470,1,0,1,43,0,0,0,0,0,1,1,89
472,2,471,1,1,1,43,0,0,0,0,0,1,2,89
473,2,472,1,0,1,44,0,0,0,0,0,1,0,90
474,2,473,1,0,1,44,0,0,0,0,0,1,1,90
475,2,474,1,0,1,44,0,0,0,0,0,1,2,90
476,2,475,1,0,1,44,0,0,0,0,0,0,2,91
477,2,476,1,0,1,44,0,0,0,0,0,0,2,91
478,2,477,1,0,1,44,0,0,0,0,0,0,2,91
479,2,478,1,0,1,44,0,0,0,0,0,0,2,91
480,2,479,1,0,1,44,0,0,0,0,0,0,2,91
481,2,480,1,0,1,44,0,0,0,0,0,0,2,91
482,2,481,1,0,1,44,0,0,0,0,0,0,2,91
483,2,482,1,0,1,44,0,0,0,0,0,0,2,91
484,2,483,1,0,1,44,0,0,0,0,0,0,2,91
485,2,484,1,0,1,44,0,0,0,0,0,0,2,91
486,2,485,1,0,1,44,0,0,0,0,0,0,2,91
487,2,486,1,0,1,44,0,0,0,0,0,0,2,91
488,2,487,1,0,1,44,0,0,0,0,0,0,2,91
489,2,488,1,0,1,44,0,0,0,0,0,0,2,91
490,2,489,1,0,1,44,0,0,0,0,0,0,2,91
491,2,490,1,0,1,44,0,0,0,0,0,0,2,91
492,2,491,1,0,1,44,0,0,0,0,0,0,2,91
493,2,492,1,0,1,44,0,0,0,0,0,1,0,91
494,2,493,1,0,1,44,0,0,0,0,0,1,1,91
495,2,494,1,1,1,44,0,0,0,0,0,1,2,91
496,2,495,1,0,1,45,0,0,0,0,0,1,0,92
497,2,496,1,0,1,45,0,0,0,0,0,1,1,92
498,2,497,1,1,1,45,0,0,0,0,0,1,2,92
499,2,498,1,0,1,46,0,0,0,0,0,1,0,93
500,2,499,1,0,1,46,0,0,0,0,0,1,1,93
501,2,500,1,1,1,46,0,0,0,0,0,1,2,93
502,2,501,1,0,1,47,0,0,0,0,0,1,0,94
503,2,502,1,0,1,47,0,0,0,0,0,1,1,94
504,2,503,1,1,1,47,0,0,0,0,0,1,2,94
505,2,504,1,0,1,48,0,0,0,0,0,1,0,95
506,2,505,1,0,1,48,0,0,0,0,0,1,1,95
507,2,506,1,1,1,48,0,0,0,0,0,1,2,95
508,2,507,1,0,1,49,0,0,0,0,0,1,0,96
509,2,508,1,0,1,49,0,0,0,0,0,1,1,96
510,2,509,1,1,1,49,0,0,0,0,0,1,2,96
511,2,510,1,0,1,50,0,0,0,0,0,1,0,97
512,2,511,1,0,1,50,0,0,0,0,0,1,1,97
513,2,512,1,1,1,50,0,0,0,0,0,1,2,97
514,2,513,1,0,1,51,0,0,0,0,0,1,0,98
515,2,514,1,0,1,51,0,0,0,0,0,1,1,98
516,2,515,1,1,1,51,0,0,0,0,0,1,2,98
517,2,516,1,0,1,52,0,0,0,0,0,1,0,99
518,2,517,1,0,1,52,0,0,0,0,0,1,1,99
519,2,518,1,1,1,52,0,0,0,0,0,1,2,99
520,2,519,1,0,1,53,0,0,0,0,0,1,0,100
521,2,520,1,0,1,53,0,0,0,0,0,1,1,100
522,2,521,1,1,1,53,0,0,0,0,0,1,2,100
523,2,522,1,0,1,54,0,0,0,0,0,1,0,101
524,2,523,1,0,1,54,0,0,0,0,0,1,1,101
525,2,524,1,1,1,54,0,0,0,0,0,1,2,101
526,2,525,1,0,1,55,0,0,0,0,0,1,0,102
527,2,526,1,0,1,55,0,0,0,0,0,1,1,102
528,2,527,1,1,1,55,0,0,0,0,0,1,2,102
529,2,528,1,0,1,56,0,0,0,0,0,1,0,103
530,2,529,1,0,1,56,0,0,0,0,0,1,1,103
531,2,530,1,0,1,56,0,0,0,0,0,1,2,103
532,2,531,1,0,1,56,0,0,0,0,0,0,2,104
533,2,532,1,0,1,56,0,0,0,0,0,0,2,104
534,2,533,1,0,1,56,0,0,0,0,0,0,2,104
535,2,534,1,0,1,56,0,0,0,0,0,0,2,104
536,2,535,1,0,1,56,0,0,0,0,0,0,2,104
537,2,536,1,0,1,56,0,0,0,0,0,0,2,104
538,2,537,1,0,1,56,0,0,0,0,0,0,2,104
539,2,538,1,0,1,56,0,0,0,0,0,0,2,104
540,2,539,1,0,1,56,0,0,0,0,0,0,2,104
541,2,540,1,0,1,56,0,0,0,0,0,0,2,104
542,2,541,1,0,1,56,0,0,0,0,0,0,2,104
543,2,542,1,0,1,56,0,0,0,0,0,0,2,104
544,2,543,1,0,1,56,0,0,0,0,0,0,2,104
545,2,544,1,0,1,56,0,0,0,0,0,0,2,104
546,2,545,1,0,1,56,0,0,0,0,0,0,2,104
547,2,546,1,0,1,56,0,0,0,0,0,0,2,104
548,2,547,1,0,1,56,0,0,0,0,0,0,2,104
549,2,548,1,0,1,56,0,0,0,0,0,1,0,104
550,2,549,1,0,1,56,0,0,0,0,0,1,1,104
551,2,550,1,1,1,56,0,0,0,0,0,1,2,104
552,2,551,1,0,1,57,0,0,0,0,0,1,0,105
553,2,552,1,0,1,57,0,0,0,0,0,1,1,105
554,2,553,1,1,1,57,0,0,0,0,0,1,2,105
555,2,554,1,0,1,58,0,0,0,0,0,1,0,106
556,2,555,1,0,1,58,0,0,0,0,0,1,1,106
557,2,556,1,1,1,58,0,0,0,0,0,1,2,106
558,2,557,1,0,1,59,0,0,0,0,0,1,0,107
559,2,558,1,0,1,59,0,0,0,0,0,1,1,107
560,2,559,1,1,1,59,0,0,0,0,0,1,2,107
561,2,560,1,0,1,60,0,0,0,0,0,1,0,108
562,2,561,1,0,1,60,0,0,0,0,0,1,1,108
563,2,562,1,1,1,60,0,0,0,0,0,1,2,108
564,2,563,1,0,1,61,0,0,0,0,0,1,0,109
565,2,564,1,0,1,61,0,0,0,0,0,1,1,109
566,2,565,1,1,1,61,0,0,0,0,0,1,2,109
567,2,566,1,0,1,62,0,0,0,0,0,1,0,110
568,2,567,1,0,1,62,0,0,0,0,0,1,1,110
569,2,568,1,1,1,62,0,0,0,0,0,1,2,110
570,2,569,1,0,1,63,0,0,0,0,0,1,0,111
571,2,570,1,0,1,63,0,0,0,0,0,1,1,111
572,2,571,1,1,1,63,0,0,0,0,0,1,2,111
573,2,572,1,0,1,64,0,0,0,0,0,1,0,112
574,2,573,1,0,1,64,0,0,0,0,0,1,1,112
575,2,574,1,1,1,64,0,0,0,0,0,1,2,112
576,2,575,1,0,1,65,0,0,0,0,0,1,0,113
577,2,576,1,0,1,65,0,0,0,0,0,1,1,113
578,2,577,1,1,1,65,0,0,0,0,0,1,2,113
579,2,578,1,0,1,66,0,0,0,0,0,1,0,114
580,2,579,1,0,1,66,0,0,0,0,0,1,1,114
581,2,580,1,1,1,66,0,0,0,0,0,1,2,114
582,2,581,1,0,1,67,0,0,0,0,0,1,0,115
583,2,582,1,0,1,67,0,0,0,0,0,1,1,115
584,2,583,1,1,1,67,0,0,0,0,0,1,2,115
585,2,584,1,0,1,68,0,0,0,0,0,1,0,116
586,2,585,1,0,1,68,0,0,0,0,0,1,1,116
587,2,586,1,0,1,68,0,0,0,0,0,1,2,116
588,2,587,1,0,1,68,0,0,0,0,0,0,2,117
589,2,588,1,0,1,68,0,0,0,0,0,0,2,117
590,2,589,1,0,1,68,0,0,0,0,0,0,2,117
591,2,590,1,0,1,68,0,0,0,0,0,0,2,117
592,2,591,1,0,1,68,0,0,0,0,0,0,2,117
593,2,592,1,0,1,68,0,0,0,0,0,0,2,117
594,2,593,1,0,1,68,0,0,0,0,0,0,2,117
595,2,594,1,0,1,68,0,0,0,0,0,0,2,117
596,2,595,1,0,1,68,0,0,0,0,0,0,2,117
597,2,596,1,0,1,68,0,0,0,0,0,0,2,117
598,2,597,1,0,1,68,0,0,0,0,0,0,2,117
599,2,598,1,0,1,68,0,0,0,0,0,0,2,117
600,2,599,1,0,1,68,0,0,0,0,0,0,2,117
601,2,600,1,0,1,68,0,0,0,0,0,0,2,117
602,2,601,1,0,1,68,0,0,0,0,0,0,2,117
603,2,602,1,0,1,68,0,0,0,0,0,0,2,117
604,2,603,1,0,1,68,0,0,0,0,0,0,2,117
605,2,604,1,0,1,68,0,0,0,0,0,1,0,117
606,2,605,1,0,1,68,0,0,0,0,0,1,1,117
607,2,606,1,1,1,68,0,0,0,0,0,1,2,117
608,2,607,1,0,1,69,0,0,0,0,0,1,0,118
609,2,608,1,0,1,69,0,0,0,0,0,1,1,118
610,2,609,1,1,1,69,0,0,0,0,0,1,2,118
611,2,610,1,0,1,70,0,0,0,0,0,1,0,119
612,2,611,1,0,1,70,0,0,0,0,0,1,1,119
613,2,612,1,1,1,70,0,0,0,0,0,1,2,119
614,2,613,1,0,1,71,0,0,0,0,0,1,0,120
615,2,614,1,0,1,71,0,0,0,0,0,1,1,120
616,2,615,1,1,1,71,0,0,0,0,0,1,2,120
617,2,616,1,0,1,72,0,0,0,0,0,1,0,121
618,2,617,1,0,1,72,0,0,0,0,0,1,1,121
619,2,618,1,1,1,72,0,0,0,0,0,1,2,121
620,2,619,1,0,1,73,0,0,0,0,0,1,0,122
621,2,620,1,0,1,73,0,0,0,0,0,1,1,122
622,2,621,1,1,1,73,0,0,0,0,0,1,2,122
623,2,622,1,0,1,74,0,0,0,0,0,1,0,123
624,2,623,1,0,1,74,0,0,0,0,0,1,1,123
625,2,624,1,1,1,74,0,0,0,0,0,1,2,123
626,2,625,1,0,1,75,0,0,0,0,0,1,0,124
627,2,626,1,0,1,75,0,0,0,0,0,1,1,124
628,2,627,1,1,1,75,0,0,0,0,0,1,2,124
629,2,628,1,0,1,76,0,0,0,0,0,1,0,125
630,2,629,1,0,1,76,0,0,0,0,0,1,1,125
631,2,630,1,1,1,76,0,0,0,0,0,1,2,125
632,2,631,1,0,1,77,0,0,0,0,0,1,0,126
633,2,632,1,0,1,77,0,0,0,0,0,1,1,126
634,2,633,1,1,1,77,0,0,0,0,0,1,2,126
635,2,634,1,0,1,78,0,0,0,0,0,1,0,127
636,2,635,1,0,1,78,0,0,0,0,0,1,1,127
637,2,636,1,1,1,78,0,0,0,0,0,1,2,127
638,2,637,1,0,1,79,0,0,0,0,0,1,0,128
639,2,638,1,0,1,79,0,0,0,0,0,1,1,128
640,2,639,1,1,1,79,0,0,0,0,0,1,2,128
641,2,640,1,0,1,80,0,0,0,0,0,1,0,129
642,2,641,1,0,1,80,0,0,0,0,0,1,1,129
643,2,642,1,0,1,80,0,0,0,0,0,1,2,129
644,2,643,1,0,1,80,0,0,0,0,0,0,2,130
645,2,644,1,0,1,80,0,0,0,0,0,0,2,130
646,2,645,1,0,1,80,0,0,0,0,0,0,2,130
647,2,646,1,0,1,80,0,0,0,0,0,0,2,130
648,2,647,1,0,1,80,0,0,0,0,0,0,2,130
649,2,648,1,0,1,80,0,0,0,0,0,0,2,130
650,2,649,1,0,1,80,0,0,0,0,0,0,2,130
651,2,650,1,0,1,80,0,0,0,0,0,0,2,130
652,2,651,1,0,1,80,0,0,0,0,0,0,2,130
653,2,652,1,0,1,80,0,0,0,0,0,0,2,130
654,2,653,1,0,1,80,0,0,0,0,0,0,2,130
655,2,654,1,0,1,80,0,0,0,0,0,0,2,130
656,2,655,1,0,1,80,0,0,0,0,0,0,2,130
657,2,656,1,0,1,80,0,0,0,0,0,0,2,130
658,2,657,1,0,1,80,0,0,0,0,0,0,2,130
659,2,658,1,0,1,80,0,0,0,0,0,0,2,130
660,2,659,1,0,1,80,0,0,0,0,0,0,2,130
661,2,660,1,0,1,80,0,0,0,0,0,1,0,130
662,2,661,1,0,1,80,0,0,0,0,0,1,1,130
663,2,662,1,1,1,80,0,0,0,0,0,1,2,130
664,2,663,1,0,1,81,0,0,0,0,0,1,0,131
665,2,664,1,0,1,81,0,0,0,0,0,1,1,131
666,2,665,1,1,1,81,0,0,0,0,0,1,2,131
667,2,666,1,0,1,82,0,0,0,0,0,1,0,132
668,2,667,1,0,1,82,0,0,0,0,0,1,1,132
669,2,668,1,1,1,82,0,0,0,0,0,1,2,132
670,2,669,1,0,1,83,0,0,0,0,0,1,0,133
671,2,670,1,0,1,83,0,0,0,0,0,1,1,133
672,2,671,1,1,1,83,0,0,0,0,0,1,2,133
673,2,672,1,0,1,84,0,0,0,0,0,1,0,134
674,2,673,1,0,1,84,0,0,0,0,0,1,1,134
675,2,674,1,1,1,84,0,0,0,0,0,1,2,134
676,2,675,1,0,1,85,0,0,0,0,0,1,0,135
677,2,676,1,0,1,85,0,0,0,0,0,1,1,135
678,2,677,1,1,1,85,0,0,0,0,0,1,2,135
679,2,678,1,0,1,86,0,0,0,0,0,1,0,136
680,2,679,1,0,1,86,0,0,0,0,0,1,1,136
681,2,680,1,1,1,86,0,0,0,0,0,1,2,136
682,2,681,1,0,1,87,0,0,0,0,0,1,0,137
683,2,682,1,0,1,87,0,0,0,0,0,1,1,137
684,2,683,1,1,1,87,0,0,0,0,0,1,2,137
685,2,684,1,0,1,88,0,0,0,0,0,1,0,138
686,2,685,1,0,1,88,0,0,0,0,0,1,1,138
687,2,686,1,1,1,88,0,0,0,0,0,1,2,138
688,2,687,1,0,1,89,0,0,0,0,0,1,0,139
689,2,688,1,0,1,89,0,0,0,0,0,1,1,139
690,2,689,1,1,1,89,0,0,0,0,0,1,2,139
691,2,690,1,0,1,90,0,0,0,0,0,1,0,140
692,2,691,1,0,1,90,0,0,0,0,0,1,1,140
693,2,692,1,1,1,90,0,0,0,0,0,1,2,140
694,2,693,1,0,1,91,0,0,0,0,0,1,0,141
695,2,694,1,0,1,91,0,0,0,0,0,1,1,141
696,2,695,1,1,1,91,0,0,0,0,0,1,2,141
697,2,696,1,0,1,92,0,0,0,0,0,1,0,142
698,2,697,1,0,1,92,0,0,0,0,0,1,1,142
699,2,698,1,0,1,92,0,0,0,0,0,1,2,142
700,2,699,1,0,1,92,0,0,0,0,0,0,2,143
701,2,700,1,0,1,92,0,0,0,0,0,0,2,143
702,2,701,1,0,1,92,0,0,0,0,0,0,2,143
703,2,702,1,0,1,92,0,0,0,0,0,0,2,143
704,2,703,1,0,1,92,0,0,0,0,0,0,2,143
705,2,704,1,0,1,92,0,0,0,0,0,0,2,143
706,2,705,1,0,1,92,0,0,0,0,0,0,2,143
707,2,706,1,0,1,92,0,0,0,0,0,0,2,143
708,2,707,1,0,1,92,0,0,0,0,0,0,2,143
709,2,708,1,0,1,92,0,0,0,0,0,0,2,143
710,2,709,1,0,1,92,0,0,0,0,0,0,2,143
711,2,710,1,0,1,92,0,0,0,0,0,0,2,143
712,2,711,1,0,1,92,0,0,0,0,0,0,2,143
713,2,712,1,0,1,92,0,0,0,0,0,0,2,143
714,2,713,1,0,1,92,0,0,0,0,0,0,2,143
715,2,714,1,0,1,92,0,0,0,0,0,0,2,143
716,2,715,1,0,1,92,0,0,0,0,0,0,2,143
717,2,716,1,0,1,92,0,0,0,0,0,1,0,143
718,2,717,1,0,1,92,0,0,0,0,0,1,1,143
719,2,718,1,1,1,92,0,0,0,0,0,1,2,143
720,2,719,1,0,1,93,0,0,0,0,0,1,0,144
721,2,720,1,0,1,93,0,0,0,0,0,1,1,144
722,2,721,1,1,1,93,0,0,0,0,0,1,2,144
723,2,722,1,0,1,94,0,0,0,0,0,1,0,145
724,2,723,1,0,1,94,0,0,0,0,0,1,1,145
725,2,724,1,1,1,94,0,0,0,0,0,1,2,145
726,2,725,1,0,1,95,0,0,0,0,0,1,0,146
727,2,726,1,0,1,95,0,0,0,0,0,1,1,146
728,2,727,1,1,1,95,0,0,0,0,0,1,2,146
729,2,728,1,0,1,96,0,0,0,0,0,1,0,147
730,2,729,1,0,1,96,0,0,0,0,0,1,1,147
731,2,730,1,1,1,96,0,0,0,0,0,1,2,147
732,2,731,1,0,1,97,0,0,0,0,0,1,0,148
733,2,732,1,0,1,97,0,0,0,0,0,1,1,148
734,2,733,1,1,1,97,0,0,0,0,0,1,2,148
735,2,734,1,0,1,98,0,0,0,0,0,1,0,149
736,2,735,1,0,1,98,0,0,0,0,0,1,1,149
737,2,736,1,1,1,98,0,0,0,0,0,1,2,149
738,2,737,1,0,1,99,0,0,0,0,0,1,0,150
739,2,738,1,0,1,99,0,0,0,0,0,1,1,150
740,2,739,1,1,1,99,0,0,0,0,0,1,2,150
741,2,740,1,0,1,100,0,0,0,0,0,1,0,151
742,2,741,1,0,1,100,0,0,0,0,0,1,1,151
743,2,742,1,1,1,100,0,0,0,0,0,1,2,151
744,2,743,1,0,1,101,0,0,0,0,0,1,0,152
745,2,744,1,0,1,101,0,0,0,0,0,1,1,152
746,2,745,1,1,1,101,0,0,0,0,0,1,2,152
747,2,746,1,0,1,102,0,0,0,0,0,1,0,153
748,2,747,1,0,1,102,0,0,0,0,0,1,1,153
749,2,748,1,1,1,102,0,0,0,0,0,1,2,153
750,2,749,1,0,1,103,0,0,0,0,0,1,0,154
751,2,750,1,0,1,103,0,0,0,0,0,1,1,154
752,2,751,1,1,1,103,0,0,0,0,0,1,2,154
753,2,752,1,0,0,103,1,0,0,0,0,1,0,155
754,2,753,1,0,0,103,1,0,0,0,0,1,1,155
755,2,754,1,0,0,103,1,0,0,0,0,1,2,155
756,2,755,1,0,0,103,1,0,0,0,0,0,2,156
757,2,756,1,0,0,103,1,0,0,0,0,0,2,156
758,2,757,1,0,0,103,1,0,0,0,0,0,2,156
759,2,758,1,0,0,103,1,0,0,0,0,0,2,156
760,2,759,1,0,0,103,1,0,0,0,0,0,2,156
761,2,760,1,0,0,103,1,0,0,0,0,0,2,156
762,2,761,1,0,0,103,1,0,0,0,0,0,2,156
763,2,762,1,0,0,103,1,0,0,0,0,0,2,156
764,2,763,1,0,0,103,1,0,0,0,0,0,2,156
765,2,764,1,0,0,103,1,0,0,0,0,0,2,156
766,2,765,1,0,0,103,1,0,0,0,0,0,2,156
767,2,766,1,0,0,103,1,0,0,0,0,0,2,156
768,2,767,1,0,0,103,1,0,0,0,0,0,2,156
769,2,768,1,0,0,103,1,0,0,0,0,0,2,156
770,2,769,1,0,0,103,1,0,0,0,0,0,2,156
771,2,770,1,0,0,103,1,0,0,0,0,0,2,156
772,2,771,1,0,0,103,1,0,0,0,0,0,2,156
773,2,772,1,0,0,103,1,0,0,0,0,1,0,156
774,2,773,1,0,0,103,1,0,0,0,0,1,1,156
775,2,774,1,0,0,103,1,0,0,0,0,1,2,156
776,2,775,1,0,0,103,1,0,0,0,0,1,0,157
777,2,776,1,0,0,103,1,0,0,0,0,1,1,157
778,2,777,1,0,0,103,1,0,0,0,0,1,2,157
779,2,778,1,0,0,103,1,0,0,0,0,1,0,158
780,2,779,1,0,0,103,1,0,0,0,0,1,1,158
781,2,780,1,0,0,103,1,0,0,0,0,1,2,158
782,2,781,1,0,0,103,1,0,0,0,0,1,0,159
783,2,782,1,0,0,103,1,0,0,0,0,1,1,159
784,2,783,1,0,0,103,1,0,0,0,0,1,2,159
785,2,784,0,0,0,103,1,0,0,0,0,1,0,160
786,2,784,0,0,0,103,1,0,0,0,0,1,1,160
787,2,784,0,0,0,103,1,0,0,0,0,1,2,160
788,2,784,0,0,0,103,1,0,0,0,0,1,0,161
789,2,784,0,0,0,103,1,0,0,0,0,1,1,161
790,2,784,0,0,0,103,1,0,0,0,0,1,2,161
791,2,784,0,0,0,103,1,0,0,0,0,1,0,162
792,2,784,0,0,0,103,1,0,0,0,0,1,1,162
793,2,784,0,0,0,103,1,0,0,0,0,1,2,162
794,2,784,0,0,0,103,1,0,0,0,0,1,0,163
795,2,784,0,0,0,103,1,0,0,0,0,1,1,163
796,2,784,0,0,0,103,1,0,0,0,0,1,2,163
797,2,784,0,0,0,103,1,0,0,0,0,1,0,164
798,2,784,0,0,0,103,1,0,0,0,0,1,1,164
799,2,784,0,0,0,103,1,0,0,0,0,1,2,164
800,2,784,0,0,0,103,1,0,0,0,0,1,0,165
801,2,784,0,0,0,103,1,0,0,0,0,1,1,165
802,2,784,0,0,0,103,1,0,0,0,0,1,2,165
803,2,784,0,0,0,103,1,0,0,0,0,1,0,166
804,2,784,0,0,0,103,1,0,0,0,0,1,1,166
805,2,784,0,0,0,103,1,0,0,0,0,1,2,166
806,2,784,0,0,0,103,1,0,0,0,0,1,0,167
807,2,784,0,0,0,103,1,0,0,0,0,1,1,167
808,2,784,0,0,0,103,1,0,0,0,0,1,2,167
809,2,784,0,0,0,103,1,0,0,0,0,1,0,168
810,2,784,0,0,0,103,1,0,0,0,0,1,1,168
811,2,784,0,0,0,103,1,0,0,0,0,1,2,168
812,3,784,0,0,0,103,1,0,0,0,0,0,2,0
813,4,784,0,0,0,103,1,1,0,1,0,0,2,0
814,4,784,0,0,0,103,1,1,0,1,0,0,2,0
815,4,784,0,0,0,103,1,1,0,1,1,0,2,0
816,4,784,0,0,0,103,1,1,1,1,1,0,2,0
817,4,784,0,0,0,103,1,1,2,1,0,0,2,0
818,4,784,0,0,0,103,1,1,2,1,0,0,2,0
819,4,784,0,0,0,103,1,1,2,1,1,0,2,0
820,4,784,0,0,0,103,1,1,3,1,1,0,2,0
821,4,784,0,0,0,103,1,1,4,1,0,0,2,0
822,4,784,0,0,0,103,1,1,4,1,0,0,2,0
823,4,784,0,0,0,103,1,1,4,1,0,0,2,0
824,4,784,0,0,0,103,1,1,4,1,0,0,2,0
825,4,784,0,0,0,103,1,1,4,1,0,0,2,0
826,4,784,0,0,0,103,1,1,4,1,1,0,2,0
827,4,784,0,0,0,103,1,1,5,1,1,0,2,0
828,4,784,0,0,0,103,1,1,6,1,0,1,0,0
829,4,784,0,0,0,103,1,1,6,1,0,0,0,0
830,4,784,0,0,0,103,1,1,6,1,0,0,0,0
831,4,784,0,0,0,103,1,1,6,1,0,1,1,0
832,4,784,0,0,0,103,1,1,6,1,0,0,1,0
833,4,784,0,0,0,103,1,1,6,1,0,0,1,0
834,4,784,0,0,0,103,1,1,6,1,0,1,2,0
835,4,784,0,0,0,103,1,1,6,1,1,0,2,1
836,4,784,0,0,0,103,1,1,7,1,1,0,2,1
837,4,784,0,0,0,103,1,1,8,1,0,1,0,1
838,4,784,0,0,0,103,1,1,8,1,0,0,0,1
839,4,784,0,0,0,103,1,1,8,1,0,0,0,1
840,4,784,0,0,0,103,1,1,8,1,0,1,1,1
841,4,784,0,0,0,103,1,1,8,1,0,0,1,1
842,4,784,0,0,0,103,1,1,8,1,0,0,1,1
843,4,784,0,0,0,103,1,1,8,1,0,1,2,1
844,4,784,0,0,0,103,1,1,8,1,1,0,2,2
845,4,784,0,0,0,103,1,1,9,1,1,0,2,2
846,4,784,0,0,0,103,1,1,10,1,1,1,0,2
847,4,784,0,0,0,103,1,1,11,1,1,0,0,2
848,4,784,0,0,0,103,1,1,12,1,1,0,0,2
849,4,784,0,0,0,103,1,1,13,1,1,1,1,2
850,4,784,0,0,0,103,1,1,14,1,1,0,1,2
851,4,784,0,0,0,103,1,1,15,1,1,0,1,2
852,4,784,0,0,0,103,1,1,16,1,1,1,2,2
853,4,784,0,0,0,103,1,1,17,1,1,0,2,3
854,4,784,0,0,0,103,1,1,18,1,1,0,2,3
855,4,784,0,0,0,103,1,1,19,1,1,1,0,3
856,4,784,0,0,0,103,1,1,20,1,1,0,0,3
857,4,784,0,0,0,103,1,1,21,1,1,0,0,3
858,4,784,0,0,0,103,1,1,22,1,1,1,1,3
859,4,784,0,0,0,103,1,1,23,1,1,0,1,3
860,4,784,0,0,0,103,1,1,24,1,0,0,1,3
861,4,784,0,0,0,103,1,1,24,1,0,1,2,3
862,4,784,0,0,0,103,1,1,24,1,1,0,2,4
863,4,784,0,0,0,103,1,1,25,1,1,0,2,4
864,4,784,0,0,0,103,1,1,26,1,0,1,0,4
865,4,784,0,0,0,103,1,1,26,1,0,0,0,4
866,4,784,0,0,0,103,1,1,26,1,1,0,0,4
867,4,784,0,0,0,103,1,1,27,1,1,1,1,4
868,4,784,0,0,0,103,1,1,28,1,0,0,1,4
869,4,784,0,0,0,103,1,1,28,1,0,0,1,4
870,4,784,0,0,0,103,1,1,28,1,0,1,2,4
871,4,784,0,0,0,103,1,1,28,1,0,0,2,5
872,4,784,0,0,0,103,1,1,28,1,0,0,2,5
873,4,784,0,0,0,103,1,1,28,1,1,0,2,5
874,4,784,0,0,0,103,1,1,29,1,1,0,2,5
875,4,784,0,0,0,103,1,1,30,1,0,1,0,5
876,4,784,0,0,0,103,1,1,30,1,0,0,0,5
877,4,784,0,0,0,103,1,1,30,1,0,0,0,5
878,4,784,0,0,0,103,1,1,30,1,0,1,1,5
879,4,784,0,0,0,103,1,1,30,1,0,0,1,5
880,4,784,0,0,0,103,1,1,30,1,0,0,1,5
881,4,784,0,0,0,103,1,1,30,1,0,1,2,5
882,4,784,0,0,0,103,1,1,30,1,1,0,2,6
883,4,784,0,0,0,103,1,1,31,1,1,0,2,6
884,4,784,0,0,0,103,1,1,32,1,0,1,0,6
885,4,784,0,0,0,103,1,1,32,1,0,0,0,6
886,4,784,0,0,0,103,1,1,32,1,0,0,0,6
887,4,784,0,0,0,103,1,1,32,1,0,1,1,6
888,4,784,0,0,0,103,1,1,32,1,0,0,1,6
889,4,784,0,0,0,103,1,1,32,1,0,0,1,6
890,4,784,0,0,0,103,1,1,32,1,0,1,2,6
891,4,784,0,0,0,103,1,1,32,1,1,0,2,7
892,4,784,0,0,0,103,1,1,33,1,1,0,2,7
893,4,784,0,0,0,103,1,1,34,1,1,1,0,7
894,4,784,0,0,0,103,1,1,35,1,1,0,0,7
895,4,784,0,0,0,103,1,1,36,1,1,0,0,7
896,4,784,0,0,0,103,1,1,37,1,1,1,1,7
897,4,784,0,0,0,103,1,1,38,1,1,0,1,7
898,4,784,0,0,0,103,1,1,39,1,1,0,1,7
899,4,784,0,0,0,103,1,1,40,1,1,1,2,7
900,4,784,0,0,0,103,1,1,41,1,1,0,2,8
901,4,784,0,0,0,103,1,1,42,1,1,0,2,8
902,4,784,0,0,0,103,1,1,43,1,1,1,0,8
903,4,784,0,0,0,103,1,1,44,1,1,0,0,8
904,4,784,0,0,0,103,1,1,45,1,1,0,0,8
905,4,784,0,0,0,103,1,1,46,1,1,1,1,8
906,4,784,0,0,0,103,1,1,47,1,1,0,1,8
907,4,784,0,0,0,103,1,1,48,1,0,0,1,8
908,4,784,0,0,0,103,1,1,48,1,0,1,2,8
909,4,784,0,0,0,103,1,1,48,1,1,0,2,9
910,4,784,0,0,0,103,1,1,49,1,1,0,2,9
911,4,784,0,0,0,103,1,1,50,1,0,1,0,9
912,4,784,0,0,0,103,1,1,50,1,0,0,0,9
913,4,784,0,0,0,103,1,1,50,1,1,0,0,9
914,4,784,0,0,0,103,1,1,51,1,1,1,1,9
915,4,784,0,0,0,103,1,1,52,1,0,0,1,9
916,4,784,0,0,0,103,1,1,52,1,0,0,1,9
917,4,784,0,0,0,103,1,1,52,1,0,1,2,9
918,4,784,0,0,0,103,1,1,52,1,0,0,2,10
919,4,784,0,0,0,103,1,1,52,1,0,0,2,10
920,4,784,0,0,0,103,1,1,52,1,1,0,2,10
921,4,784,0,0,0,103,1,1,53,1,1,0,2,10
922,4,784,0,0,0,103,1,1,54,1,0,1,0,10
923,4,784,0,0,0,103,1,1,54,1,0,0,0,10
924,4,784,0,0,0,103,1,1,54,1,0,0,0,10
925,4,784,0,0,0,103,1,1,54,1,0,1,1,10
926,4,784,0,0,0,103,1,1,54,1,0,0,1,10
927,4,784,0,0,0,103,1,1,54,1,0,0,1,10
928,4,784,0,0,0,103,1,1,54,1,0,1,2,10
929,4,784,0,0,0,103,1,1,54,1,1,0,2,11
930,4,784,0,0,0,103,1,1,55,1,1,0,2,11
931,4,784,0,0,0,103,1,1,56,1,0,1,0,11
932,4,784,0,0,0,103,1,1,56,1,0,0,0,11
933,4,784,0,0,0,103,1,1,56,1,0,0,0,11
934,4,784,0,0,0,103,1,1,56,1,0,1,1,11
935,4,784,0,0,0,103,1,1,56,1,0,0,1,11
936,4,784,0,0,0,103,1,1,56,1,0,0,1,11
937,4,784,0,0,0,103,1,1,56,1,0,1,2,11
938,4,784,0,0,0,103,1,1,56,1,1,0,2,12
939,4,784,0,0,0,103,1,1,57,1,1,0,2,12
940,4,784,0,0,0,103,1,1,58,1,1,1,0,12
941,4,784,0,0,0,103,1,1,59,1,1,0,0,12
942,4,784,0,0,0,103,1,1,60,1,1,0,0,12
943,4,784,0,0,0,103,1,1,61,1,1,1,1,12
944,4,784,0,0,0,103,1,1,62,1,1,0,1,12
945,4,784,0,0,0,103,1,1,63,1,1,0,1,12
946,4,784,0,0,0,103,1,1,64,1,1,1,2,12
947,4,784,0,0,0,103,1,1,65,1,1,0,2,13
948,4,784,0,0,0,103,1,1,66,1,1,0,2,13
949,4,784,0,0,0,103,1,1,67,1,1,1,0,13
950,4,784,0,0,0,103,1,1,68,1,1,0,0,13
951,4,784,0,0,0,103,1,1,69,1,1,0,0,13
952,4,784,0,0,0,103,1,1,70,1,1,1,1,13
953,4,784,0,0,0,103,1,1,71,1,1,0,1,13
954,4,784,0,0,0,103,1,1,72,1,0,0,1,13
955,4,784,0,0,0,103,1,1,72,1,0,1,2,13
956,4,784,0,0,0,103,1,1,72,1,1,0,2,14
957,4,784,0,0,0,103,1,1,73,1,1,0,2,14
958,4,784,0,0,0,103,1,1,74,1,0,1,0,14
959,4,784,0,0,0,103,1,1,74,1,0,0,0,14
960,4,784,0,0,0,103,1,1,74,1,1,0,0,14
961,4,784,0,0,0,103,1,1,75,1,1,1,1,14
962,4,784,0,0,0,103,1,1,76,1,0,0,1,14
963,4,784,0,0,0,103,1,1,76,1,0,0,1,14
964,4,784,0,0,0,103,1,1,76,1,0,1,2,14
965,4,784,0,0,0,103,1,1,76,1,0,0,2,15
966,4,784,0,0,0,103,1,1,76,1,0,0,2,15
967,4,784,0,0,0,103,1,1,76,1,1,0,2,15
968,4,784,0,0,0,103,1,1,77,1,1,0,2,15
969,4,784,0,0,0,103,1,1,78,1,0,1,0,15
970,4,784,0,0,0,103,1,1,78,1,0,0,0,15
971,4,784,0,0,0,103,1,1,78,1,0,0,0,15
972,4,784,0,0,0,103,1,1,78,1,0,1,1,15
973,4,784,0,0,0,103,1,1,78,1,0,0,1,15
974,4,784,0,0,0,103,1,1,78,1,0,0,1,15
975,4,784,0,0,0,103,1,1,78,1,0,1,2,15
976,4,784,0,0,0,103,1,1,78,1,1,0,2,16
977,4,784,0,0,0,103,1,1,79,1,1,0,2,16
978,4,784,0,0,0,103,1,1,80,1,0,1,0,16
979,4,784,0,0,0,103,1,1,80,1,0,0,0,16
980,4,784,0,0,0,103,1,1,80,1,0,0,0,16
981,4,784,0,0,0,103,1,1,80,1,0,1,1,16
982,4,784,0,0,0,103,1,1,80,1,0,0,1,16
983,4,784,0,0,0,103,1,1,80,1,0,0,1,16
984,4,784,0,0,0,103,1,1,80,1,0,1,2,16
985,4,784,0,0,0,103,1,1,80,1,1,0,2,17
986,4,784,0,0,0,103,1,1,81,1,1,0,2,17
987,4,784,0,0,0,103,1,1,82,1,1,1,0,17
988,4,784,0,0,0,103,1,1,83,1,1,0,0,17
989,4,784,0,0,0,103,1,1,84,1,1,0,0,17
990,4,784,0,0,0,103,1,1,85,1,1,1,1,17
991,4,784,0,0,0,103,1,1,86,1,1,0,1,17
992,4,784,0,0,0,103,1,1,87,1,1,0,1,17
993,4,784,0,0,0,103,1,1,88,1,1,1,2,17
994,4,784,0,0,0,103,1,1,89,1,1,0,2,18
995,4,784,0,0,0,103,1,1,90,1,1,0,2,18
996,4,784,0,0,0,103,1,1,91,1,1,1,0,18
997,4,784,0,0,0,103,1,1,92,1,1,0,0,18
998,4,784,0,0,0,103,1,1,93,1,1,0,0,18
999,4,784,0,0,0,103,1,1,94,1,1,1,1,18
1000,4,784,0,0,0,103,1,1,95,1,1,0,1,18
1001,4,784,0,0,0,103,1,1,96,1,0,0,1,18
1002,4,784,0,0,0,103,1,1,96,1,0,1,2,18
1003,4,784,0,0,0,103,1,1,96,1,1,0,2,19
1004,4,784,0,0,0,103,1,1,97,1,1,0,2,19
1005,4,784,0,0,0,103,1,1,98,1,0,1,0,19
1006,4,784,0,0,0,103,1,1,98,1,0,0,0,19
1007,4,784,0,0,0,103,1,1,98,1,1,0,0,19
1008,4,784,0,0,0,103,1,1,99,1,1,1,1,19
1009,4,784,0,0,0,103,1,1,100,1,0,0,1,19
1010,4,784,0,0,0,103,1,1,100,1,0,0,1,19
1011,4,784,0,0,0,103,1,1,100,1,0,1,2,19
1012,4,784,0,0,0,103,1,1,100,1,0,0,2,20
1013,4,784,0,0,0,103,1,1,100,1,0,0,2,20
1014,4,784,0,0,0,103,1,1,100,1,1,0,2,20
1015,4,784,0,0,0,103,1,1,101,1,1,0,2,20
1016,4,784,0,0,0,103,1,1,102,1,0,1,0,20
1017,4,784,0,0,0,103,1,1,102,1,0,0,0,20
1018,4,784,0,0,0,103,1,1,102,1,0,0,0,20
1019,4,784,0,0,0,103,1,1,102,1,0,1,1,20
1020,4,784,0,0,0,103,1,1,102,1,0,0,1,20
1021,4,784,0,0,0,103,1,1,102,1,0,0,1,20
1022,4,784,0,0,0,103,1,1,102,1,0,1,2,20
1023,4,784,0,0,0,103,1,1,102,1,1,0,2,21
1024,4,784,0,0,0,103,1,1,103,1,1,0,2,21
1025,4,784,0,0,0,103,1,0,103,0,0,1,0,21
1026,4,784,0,0,0,103,1,0,103,0,0,0,0,21
1027,4,784,0,0,0,103,1,0,103,0,0,0,0,21
1028,4,784,0,0,0,103,1,0,103,0,0,1,1,21
1029,4,784,0,0,0,103,1,0,103,0,0,0,1,21
1030,4,784,0,0,0,103,1,0,103,0,0,0,1,21
1031,4,784,0,0,0,103,1,0,103,0,0,1,2,21
1032,4,784,0,0,0,103,1,0,103,0,0,0,2,22
1033,4,784,0,0,0,103,1,0,103,0,0,0,2,22
1034,4,784,0,0,0,103,1,0,103,0,0,1,0,22
1035,4,784,0,0,0,103,1,0,103,0,0,0,0,22
1036,4,784,0,0,0,103,1,0,103,0,0,0,0,22
1037,4,784,0,0,0,103,1,0,103,0,0,1,1,22
1038,4,784,0,0,0,103,1,0,103,0,0,0,1,22
1039,4,784,0,0,0,103,1,0,103,0,0,0,1,22
1040,4,784,0,0,0,103,1,0,103,0,0,1,2,22
1041,4,784,0,0,0,103,1,0,103,0,0,0,2,23
1042,4,784,0,0,0,103,1,0,103,0,0,0,2,23
1043,4,784,0,0,0,103,1,0,103,0,0,1,0,23
1044,4,784,0,0,0,103,1,0,103,0,0,0,0,23
1045,4,784,0,0,0,103,1,0,103,0,0,0,0,23
1046,4,784,0,0,0,103,1,0,103,0,0,1,1,23
1047,4,784,0,0,0,103,1,0,103,0,0,0,1,23
1048,4,784,0,0,0,103,1,0,103,0,0,0,1,23
1049,4,784,0,0,0,103,1,0,103,0,0,1,2,23
1050,4,784,0,0,0,103,1,0,103,0,0,0,2,24
1051,4,784,0,0,0,103,1,0,103,0,0,0,2,24
1052,4,784,0,0,0,103,1,0,103,0,0,1,0,24
1053,4,784,0,0,0,103,1,0,103,0,0,0,0,24
1054,4,784,0,0,0,103,1,0,103,0,0,0,0,24
1055,4,784,0,0,0,103,1,0,103,0,0,1,1,24
1056,4,784,0,0,0,103,1,0,103,0,0,0,1,24
1057,4,784,0,0,0,103,1,0,103,0,0,0,1,24
1058,4,784,0,0,0,103,1,0,103,0,0,1,2,24
1059,5,784,0,0,0,103,1,0,103,0,0,0,2,25
1060,5,784,0,0,0,103,1,0,103,0,0,0,2,25
1061,5,784,0,0,0,103,1,0,103,0,0,0,2,25
1062,5,784,0,0,0,103,1,0,103,0,0,0,2,25
1063,5,784,0,0,0,103,1,0,103,0,0,0,2,25
1064,5,784,0,0,0,103,1,0,103,0,0,0,2,25
1065,5,784,0,0,0,103,1,0,103,0,0,0,2,25
1066,5,784,0,0,0,103,1,0,103,0,0,0,2,25
1067,5,784,0,0,0,103,1,0,103,0,0,0,2,25
1068,5,784,0,0,0,103,1,0,103,0,0,0,2,25
1069,5,784,0,0,0,103,1,0,103,0,0,0,2,25
1070,5,784,0,0,0,103,1,0,103,0,0,0,2,25
1071,5,784,0,0,0,103,1,0,103,0,0,0,2,25
1072,5,784,0,0,0,103,1,0,103,0,0,0,2,25
1073,5,784,0,0,0,103,1,0,103,0,0,0,2,25
1074,5,784,0,0,0,103,1,0,103,0,0,0,2,25
1075,5,784,0,0,0,103,1,0,103,0,0,0,2,25
1076,5,784,0,0,0,103,1,0,103,0,0,0,2,25
1077,5,784,0,0,0,103,1,0,103,0,0,0,2,25
1078,5,784,0,0,0,103,1,0,103,0,0,0,2,25
1079,5,784,0,0,0,103,1,0,103,0,0,0,2,25
1080,5,784,0,0,0,103,1,0,103,0,0,0,2,25
1081,5,784,0,0,0,103,1,0,103,0,0,0,2,25
1082,5,784,0,0,0,103,1,0,103,0,0,0,2,25
1083,5,784,0,0,0,103,1,0,103,0,0,0,2,25
1084,5,784,0,0,0,103,1,0,103,0,0,0,2,25
1085,5,784,0,0,0,103,1,0,103,0,0,0,2,25
1086,5,784,0,0,0,103,1,0,103,0,0,0,2,25
1087,5,784,0,0,0,103,1,0,103,0,0,0,2,25
1088,5,784,0,0,0,103,1,0,103,0,0,0,2,25
1089,5,784,0,0,0,103,1,0,103,0,0,0,2,25
1090,5,784,0,0,0,103,1,0,103,0,0,0,2,25
1091,5,784,0,0,0,103,1,0,103,0,0,0,2,25
1092,5,784,0,0,0,103,1,0,103,0,0,0,2,25
1093,5,784,0,0,0,103,1,0,103,0,0,0,2,25
1094,5,784,0,0,0,103,1,0,103,0,0,0,2,25
1095,5,784,0,0,0,103,1,0,103,0,0,0,2,25
1096,5,784,0,0,0,103,1,0,103,0,0,0,2,25
1097,5,784,0,0,0,103,1,0,103,0,0,0,2,25
1098,5,784,0,0,0,103,1,0,103,0,0,0,2,25
1099,5,784,0,0,0,103,1,0,103,0,0,0,2,25
1100,5,784,0,0,0,103,1,0,103,0,0,0,2,25
1101,5,784,0,0,0,103,1,0,103,0,0,0,2,25
1102,5,784,0,0,0,103,1,0,103,0,0,0,2,25
1103,5,784,0,0,0,103,1,0,103,0,0,0,2,25
1104,5,784,0,0,0,103,1,0,103,0,0,0,2,25
1105,5,784,0,0,0,103,1,0,103,0,0,0,2,25
1106,5,784,0,0,0,103,1,0,103,0,0,0,2,25
1107,5,784,0,0,0,103,1,0,103,0,0,0,2,25
1108,5,784,0,0,0,103,1,0,103,0,0,0,2,25
1109,5,784,0,0,0,103,1,0,103,0,0,0,2,25
1110,5,784,0,0,0,103,1,0,103,0,0,0,2,25
1111,5,784,0,0,0,103,1,0,103,0,0,0,2,25
1112,5,784,0,0,0,103,1,0,103,0,0,0,2,25
1113,5,784,0,0,0,103,1,0,103,0,0,0,2,25
1114,5,784,0,0,0,103,1,0,103,0,0,0,2,25
1115,5,784,0,0,0,103,1,0,103,0,0,0,2,25
1116,5,784,0,0,0,103,1,0,103,0,0,0,2,25
1117,5,784,0,0,0,103,1,0,103,0,0,0,2,25
1118,5,784,0,0,0,103,1,0,103,0,0,0,2,25
1119,5,784,0,0,0,103,1,0,103,0,0,0,2,25
1120,5,784,0,0,0,103,1,0,103,0,0,0,2,25
1121,5,784,0,0,0,103,1,0,103,0,0,0,2,25
1122,5,784,0,0,0,103,1,0,103,0,0,0,2,25
1123,5,784,0,0,0,103,1,0,103,0,0,0,2,25
1124,5,784,0,0,0,103,1,0,103,0,0,0,2,25
1125,5,784,0,0,0,103,1,0,103,0,0,0,2,25
1126,5,784,0,0,0,103,1,0,103,0,0,0,2,25
1127,5,784,0,0,0,103,1,0,103,0,0,0,2,25
1128,5,784,0,0,0,103,1,0,103,0,0,0,2,25
1129,5,784,0,0,0,103,1,0,103,0,0,0,2,25
1130,5,784,0,0,0,103,1,0,103,0,0,0,2,25
1131,5,784,0,0,0,103,1,0,103,0,0,0,2,25
1132,5,784,0,0,0,103,1,0,103,0,0,0,2,25
1133,5,784,0,0,0,103,1,0,103,0,0,0,2,25
1134,6,784,0,0,0,103,1,0,103,0,0,0,2,25
1135,7,784,0,0,0,103,1,0,103,0,0,0,2,25
1136,7,784,0,0,0,103,1,0,103,0,0,0,2,25
1137,7,784,0,0,0,103,1,0,103,0,0,0,2,25
1138,7,784,0,0,0,103,1,0,103,0,0,0,2,25
1139,7,784,0,0,0,103,1,0,103,0,0,0,2,25
1140,7,784,0,0,0,103,1,0,103,0,0,0,2,25
1141,7,784,0,0,0,103,1,0,103,0,0,0,2,25
1142,7,784,0,0,0,103,1,0,103,0,0,0,2,25
1143,7,784,0,0,0,103,1,0,103,0,0,0,2,25
1144,7,784,0,0,0,103,1,0,103,0,0,0,2,25
1145,7,784,0,0,0,103,1,0,103,0,0,0,2,25
1146,7,784,0,0,0,103,1,0,103,0,0,0,2,25
1147,7,784,0,0,0,103,1,0,103,0,0,0,2,25
1148,7,784,0,0,0,103,1,0,103,0,0,0,2,25
1149,7,784,0,0,0,103,1,0,103,0,0,0,2,25
1150,7,784,0,0,0,103,1,0,103,0,0,0,2,25
1151,7,784,0,0,0,103,1,0,103,0,0,0,2,25
1152,7,784,0,0,0,103,1,0,103,0,0,0,2,25
1153,7,784,0,0,0,103,1,0,103,0,0,0,2,25
1154,7,784,0,0,0,103,1,0,103,0,0,0,2,25
1155,7,784,0,0,0,103,1,0,103,0,0,0,2,25
1156,7,784,0,0,0,103,1,0,103,0,0,0,2,25
1157,7,784,0,0,0,103,1,0,103,0,0,0,2,25
1158,7,784,0,0,0,103,1,0,103,0,0,0,2,25
1159,7,784,0,0,0,103,1,0,103,0,0,0,2,25
1160,7,784,0,0,0,103,1,0,103,0,0,0,2,25
1161,7,784,0,0,0,103,1,0,103,0,0,0,2,25
1162,7,784,0,0,0,103,1,0,103,0,0,0,2,25
1163,7,784,0,0,0,103,1,0,103,0,0,0,2,25
1164,7,784,0,0,0,103,1,0,103,0,0,0,2,25
1165,7,784,0,0,0,103,1,0,103,0,0,0,2,25
1166,7,784,0,0,0,103,1,0,103,0,0,0,2,25
1167,7,784,0,0,0,103,1,0,103,0,0,0,2,25
1168,7,784,0,0,0,103,1,0,103,0,0,0,2,25
1169,7,784,0,0,0,103,1,0,103,0,0,0,2,25
1170,7,784,0,0,0,103,1,0,103,0,0,0,2,25
1171,7,784,0,0,0,103,1,0,103,0,0,0,2,25
1172,7,784,0,0,0,103,1,0,103,0,0,0,2,25
1173,7,784,0,0,0,103,1,0,103,0,0,0,2,25
1174,7,784,0,0,0,103,1,0,103,0,0,0,2,25
1175,7,784,0,0,0,103,1,0,103,0,0,0,2,25
1176,7,784,0,0,0,103,1,0,103,0,0,0,2,25
1177,7,784,0,0,0,103,1,0,103,0,0,0,2,25
1178,7,784,0,0,0,103,1,0,103,0,0,0,2,25
1179,7,784,0,0,0,103,1,0,103,0,0,0,2,25
1180,7,784,0,0,0,103,1,0,103,0,0,0,2,25
1181,7,784,0,0,0,103,1,0,103,0,0,0,2,25
1182,7,784,0,0,0,103,1,0,103,0,0,0,2,25
1183,7,784,0,0,0,103,1,0,103,0,0,0,2,25
1184,7,784,0,0,0,103,1,0,103,0,0,0,2,25
1185,7,784,0,0,0,103,1,0,103,0,0,0,2,25
1186,7,784,0,0,0,103,1,0,103,0,0,0,2,25
1187,7,784,0,0,0,103,1,0,103,0,0,0,2,25
1188,7,784,0,0,0,103,1,0,103,0,0,0,2,25
1189,7,784,0,0,0,103,1,0,103,0,0,0,2,25
1190,7,784,0,0,0,103,1,0,103,0,0,0,2,25
1191,7,784,0,0,0,103,1,0,103,0,0,0,2,25
1192,7,784,0,0,0,103,1,0,103,0,0,0,2,25
1193,7,784,0,0,0,103,1,0,103,0,0,0,2,25
1194,7,784,0,0,0,103,1,0,103,0,0,0,2,25
1195,7,784,0,0,0,103,1,0,103,0,0,0,2,25
1196,7,784,0,0,0,103,1,0,103,0,0,0,2,25
1197,7,784,0,0,0,103,1,0,103,0,0,0,2,25
1198,7,784,0,0,0,103,1,0,103,0,0,0,2,25
1199,7,784,0,0,0,103,1,0,103,0,0,0,2,25
1200,7,784,0,0,0,103,1,0,103,0,0,0,2,25
1201,7,784,0,0,0,103,1,0,103,0,0,0,2,25
1202,7,784,0,0,0,103,1,0,103,0,0,0,2,25
1203,7,784,0,0,0,103,1,0,103,0,0,0,2,25
1204,7,784,0,0,0,103,1,0,103,0,0,0,2,25
1205,7,784,0,0,0,103,1,0,103,0,0,0,2,25
1206,7,784,0,0,0,103,1,0,103,0,0,0,2,25
1207,7,784,0,0,0,103,1,0,103,0,0,0,2,25
1208,7,784,0,0,0,103,1,0,103,0,0,0,2,25
1209,7,784,0,0,0,103,1,0,103,0,0,0,2,25
1210,7,784,0,0,0,103,1,0,103,0,0,0,2,25
1211,7,784,0,0,0,103,1,0,103,0,0,0,2,25
1212,7,784,0,0,0,103,1,0,103,0,0,0,2,25
1213,7,784,0,0,0,103,1,0,103,0,0,0,2,25
1214,7,784,0,0,0,103,1,0,103,0,0,0,2,25
1215,7,784,0,0,0,103,1,0,103,0,0,0,2,25
1216,8,784,0,0,0,103,1,0,103,0,0,0,2,25
